sample_id,paraffins_pct,olefins_pct,naphthenes_pct,aromatics_pct,oxygenates_pct,density_gml,rvp_psi,distillation_t50_c,distillation_t90_c,sulfur_ppm,benzene_pct,ron,grade,aromatic_paraffin_ratio,distillation_range
GC-0001,50.02,13.11,8.66,24.33,3.88,0.7286,7.61,73.9,174.3,5.2,0.5,86.0,regular,0.486,100.4
GC-0002,60.27,10.54,3.96,18.63,6.6,0.7479,9.18,94.8,151.0,1.5,1.08,87.8,regular,0.309,56.2
GC-0003,46.19,10.25,9.62,26.9,7.04,0.7147,10.64,127.8,177.9,3.1,1.02,90.6,mid,0.582,50.10000000000001
GC-0004,57.77,9.28,5.0,23.89,4.06,0.7224,7.3,101.3,168.7,19.6,1.07,84.2,regular,0.414,67.39999999999999
GC-0005,39.71,6.25,9.16,37.1,7.79,0.7636,7.65,108.3,164.4,9.6,0.91,96.2,premium,0.934,56.10000000000001
GC-0006,32.38,10.99,11.16,40.05,5.42,0.7388,6.87,110.4,173.6,4.3,0.81,96.8,premium,1.237,63.19999999999999
GC-0007,45.34,12.59,9.86,23.97,8.24,0.7451,9.47,113.7,162.6,34.0,0.59,91.4,mid,0.529,48.89999999999999
GC-0008,58.21,17.26,8.09,10.23,6.21,0.7342,9.68,98.3,163.2,18.2,0.19,84.0,regular,0.176,64.89999999999999
GC-0009,61.71,7.84,6.58,18.02,5.85,0.7268,9.01,104.8,156.1,4.1,0.79,84.4,regular,0.292,51.3
GC-0010,36.88,11.12,10.48,31.21,10.31,0.7677,11.11,113.9,146.8,27.1,0.82,96.1,premium,0.846,32.900000000000006
GC-0011,57.23,13.17,7.22,16.7,5.67,0.7507,7.63,106.2,157.6,2.2,0.57,84.0,regular,0.292,51.39999999999999
GC-0012,37.03,6.69,12.65,34.9,8.73,0.7908,8.51,97.9,138.4,6.4,1.16,98.4,premium,0.942,40.5
GC-0013,38.84,10.5,11.23,31.9,7.53,0.761,10.99,107.3,145.7,4.1,1.15,94.8,premium,0.821,38.39999999999999
GC-0014,45.79,11.76,12.39,22.46,7.61,0.7246,10.32,97.6,178.1,10.5,0.96,88.6,mid,0.491,80.5
GC-0015,43.16,10.42,8.51,30.45,7.46,0.7375,10.11,95.5,171.7,7.3,0.67,91.0,mid,0.706,76.19999999999999
GC-0016,52.63,12.54,7.27,19.99,7.57,0.7238,10.59,100.5,173.1,18.2,1.12,86.9,regular,0.38,72.6
GC-0017,57.02,9.76,8.25,20.14,4.84,0.7687,9.01,113.3,174.8,23.8,0.71,86.3,regular,0.353,61.500000000000014
GC-0018,58.01,12.33,6.2,19.58,3.88,0.7471,8.38,100.8,146.6,11.1,0.7,84.0,regular,0.338,45.8
GC-0019,37.56,3.68,14.74,34.59,9.42,0.7403,9.66,110.5,150.6,4.7,0.56,98.1,premium,0.921,40.099999999999994
GC-0020,55.28,9.84,11.5,18.95,4.43,0.7078,10.42,112.7,165.7,14.2,1.3,85.8,regular,0.343,52.999999999999986
GC-0021,44.58,6.19,9.57,32.66,7.0,0.7141,8.84,80.1,140.5,14.4,0.67,90.3,mid,0.733,60.400000000000006
GC-0022,51.08,11.17,11.65,19.84,6.26,0.7412,9.97,101.3,131.5,15.5,1.18,86.4,regular,0.388,30.200000000000003
GC-0023,49.88,9.9,10.55,23.82,5.84,0.7577,8.3,93.8,154.7,17.9,1.07,89.3,mid,0.478,60.89999999999999
GC-0024,40.65,5.98,13.46,33.47,6.44,0.7156,8.0,111.6,183.3,21.1,0.67,94.0,premium,0.823,71.70000000000002
GC-0025,52.38,14.07,6.61,22.64,4.3,0.7346,8.08,119.1,176.0,8.9,0.5,86.9,regular,0.432,56.900000000000006
GC-0026,44.25,12.99,11.96,23.43,7.37,0.7754,8.54,108.0,169.2,1.6,1.21,88.1,mid,0.529,61.19999999999999
GC-0027,50.14,11.97,8.65,22.29,6.94,0.7267,11.04,79.6,183.6,35.5,0.79,86.6,regular,0.445,104.0
GC-0028,50.25,10.01,7.95,25.22,6.58,0.7418,6.83,91.6,154.9,49.5,0.94,87.9,regular,0.502,63.30000000000001
GC-0029,50.77,13.71,8.21,18.55,8.76,0.7314,11.79,112.0,187.2,34.7,1.46,87.4,regular,0.365,75.19999999999999
GC-0030,54.63,12.36,5.67,25.87,1.48,0.7472,9.86,109.7,171.1,8.1,1.24,84.0,regular,0.474,61.39999999999999
GC-0031,41.43,7.48,13.16,28.86,9.07,0.7455,9.42,75.5,146.5,4.8,0.8,95.7,premium,0.697,71.0
GC-0032,43.88,7.7,9.6,28.93,9.89,0.7708,7.76,97.0,163.6,22.2,1.41,96.7,premium,0.659,66.6
GC-0033,46.53,12.82,11.48,24.45,4.72,0.7698,10.32,95.7,154.9,0.2,1.12,89.0,mid,0.525,59.2
GC-0034,51.31,16.28,8.58,23.1,0.73,0.7667,10.47,103.3,159.8,4.5,1.04,84.7,regular,0.45,56.500000000000014
GC-0035,49.24,11.51,12.57,19.75,6.93,0.718,9.73,107.5,155.6,9.6,0.5,88.9,mid,0.401,48.099999999999994
GC-0036,61.96,10.29,7.41,15.36,4.97,0.6943,8.85,100.4,167.7,1.3,1.16,84.3,regular,0.248,67.29999999999998
GC-0037,43.33,6.01,10.31,33.6,6.76,0.7875,8.53,93.7,127.1,20.6,0.97,94.3,premium,0.775,33.39999999999999
GC-0038,49.57,7.08,10.16,31.1,2.09,0.7219,8.72,99.5,144.1,6.0,0.6,88.3,mid,0.627,44.599999999999994
GC-0039,52.52,13.79,9.47,21.17,3.04,0.7875,10.52,95.6,183.7,2.0,0.54,85.6,regular,0.403,88.1
GC-0040,45.86,4.75,13.26,28.03,8.1,0.7352,8.31,93.7,154.3,5.0,0.68,90.6,mid,0.611,60.60000000000001
GC-0041,46.97,15.54,9.71,21.73,6.05,0.7255,8.2,105.3,163.1,12.2,0.3,87.4,regular,0.463,57.8
GC-0042,45.13,6.66,10.56,34.99,2.66,0.7339,6.71,108.0,142.9,9.8,0.88,93.9,premium,0.775,34.900000000000006
GC-0043,46.29,8.6,8.62,27.47,9.02,0.7255,12.65,82.3,144.5,39.8,0.91,91.7,mid,0.593,62.2
GC-0044,36.49,9.34,14.96,31.1,8.12,0.7518,8.52,96.8,168.2,11.1,1.11,95.9,premium,0.852,71.39999999999999
GC-0045,51.17,14.16,7.15,24.04,3.48,0.761,7.73,84.2,160.2,34.5,1.05,84.0,regular,0.47,75.99999999999999
GC-0046,32.65,6.03,14.18,36.84,10.31,0.732,9.76,112.5,174.5,23.3,0.82,97.4,premium,1.128,62.0
GC-0047,51.59,9.94,11.48,22.5,4.48,0.7657,8.33,95.7,151.7,19.2,1.06,87.2,regular,0.436,55.999999999999986
GC-0048,56.37,5.25,10.87,21.37,6.15,0.7567,7.66,76.8,162.7,14.2,1.59,88.4,mid,0.379,85.89999999999999
GC-0049,56.37,12.15,7.44,19.2,4.85,0.7132,11.83,101.8,161.5,39.0,0.5,84.2,regular,0.341,59.7
GC-0050,37.35,14.81,12.38,28.12,7.34,0.7283,10.28,76.8,156.6,6.4,0.99,96.6,premium,0.753,79.8
GC-0051,36.57,8.12,10.97,35.35,8.99,0.7561,8.76,110.8,132.3,15.0,0.72,95.8,premium,0.967,21.500000000000014
GC-0052,53.55,12.99,9.0,18.72,5.74,0.7535,8.83,101.6,198.5,1.0,0.47,85.1,regular,0.35,96.9
GC-0053,53.65,0.03,8.96,30.9,6.45,0.7458,8.62,98.5,167.9,4.7,0.47,94.1,premium,0.576,69.4
GC-0054,58.83,12.42,5.96,18.13,4.67,0.7254,9.15,98.7,167.5,4.1,0.48,84.1,regular,0.308,68.8
GC-0055,55.71,8.66,7.99,19.82,7.82,0.7269,7.59,83.3,186.5,33.5,0.64,85.4,regular,0.356,103.2
GC-0056,56.9,15.06,4.24,21.75,2.05,0.6966,6.37,94.6,174.6,24.1,0.79,85.9,regular,0.382,80.0
GC-0057,54.78,11.2,8.16,21.74,4.12,0.7074,9.83,120.1,170.8,26.6,0.88,87.8,mid,0.397,50.70000000000002
GC-0058,50.93,6.73,10.61,23.45,8.29,0.6926,8.48,102.0,138.5,7.4,0.97,90.1,mid,0.46,36.5
GC-0059,60.29,9.13,8.94,12.69,8.95,0.7419,9.27,106.1,137.2,0.8,1.57,85.0,regular,0.21,31.099999999999994
GC-0060,55.07,11.05,8.57,20.93,4.37,0.7391,6.66,96.0,167.5,17.8,0.96,87.6,regular,0.38,71.5
GC-0061,49.55,16.56,5.75,20.49,7.65,0.7563,9.93,112.9,175.9,28.4,0.78,87.1,regular,0.414,63.0
GC-0062,48.75,15.09,8.63,22.75,4.78,0.7384,8.3,108.9,138.9,1.9,0.95,87.8,regular,0.467,30.0
GC-0063,50.06,15.92,7.52,20.65,5.86,0.727,10.57,108.7,164.2,14.4,0.82,84.5,regular,0.413,55.499999999999986
GC-0064,45.05,11.6,10.57,29.78,3.01,0.7463,6.48,82.4,146.9,1.8,1.04,94.6,premium,0.661,64.5
GC-0065,61.71,10.93,5.1,18.73,3.53,0.7367,7.76,123.1,150.0,2.7,0.85,84.9,regular,0.304,26.900000000000006
GC-0066,53.32,5.59,10.72,24.23,6.13,0.7275,8.26,98.3,154.4,21.3,0.45,89.5,mid,0.454,56.10000000000001
GC-0067,49.19,8.78,8.5,21.95,11.59,0.7232,9.25,96.4,168.8,2.1,0.89,91.5,mid,0.446,72.4
GC-0068,55.3,8.29,11.37,20.05,4.99,0.721,7.74,99.9,170.4,1.2,0.48,88.7,mid,0.363,70.5
GC-0069,26.15,6.24,16.68,38.62,12.32,0.7072,9.69,102.4,164.6,16.1,1.05,98.8,premium,1.477,62.19999999999999
GC-0070,47.23,12.17,12.21,20.94,7.44,0.7233,7.97,104.9,166.3,10.6,0.92,89.1,mid,0.443,61.400000000000006
GC-0071,58.19,7.42,7.93,20.05,6.41,0.7699,9.32,102.7,154.0,11.7,0.77,84.4,regular,0.345,51.3
GC-0072,48.82,10.4,10.69,23.97,6.12,0.7435,6.29,109.7,152.8,30.8,0.84,89.0,mid,0.491,43.10000000000001
GC-0073,44.83,6.88,12.58,25.57,10.14,0.706,8.39,87.7,157.3,23.8,0.49,96.4,premium,0.57,69.60000000000001
GC-0074,55.05,14.45,9.99,17.97,2.54,0.7527,7.16,116.6,173.5,3.9,0.74,84.6,regular,0.326,56.900000000000006
GC-0075,54.7,11.18,9.78,18.4,5.94,0.7454,8.65,107.1,170.8,27.9,0.99,85.8,regular,0.336,63.70000000000002
GC-0076,57.53,14.7,8.38,14.82,4.57,0.7249,6.96,96.8,148.9,13.1,0.8,84.9,regular,0.258,52.10000000000001
GC-0077,52.45,15.17,7.54,20.14,4.71,0.7894,8.26,110.2,143.6,29.5,0.51,85.1,regular,0.384,33.39999999999999
GC-0078,48.64,17.06,7.07,19.63,7.61,0.7408,8.6,99.1,157.3,2.1,0.58,86.1,regular,0.404,58.20000000000002
GC-0079,50.62,11.35,8.62,22.2,7.22,0.7762,9.54,103.9,170.2,24.3,1.11,88.3,mid,0.439,66.29999999999998
GC-0080,51.6,12.17,9.76,18.94,7.53,0.7837,8.45,102.0,144.5,23.4,0.64,87.1,regular,0.367,42.5
GC-0081,55.39,8.56,7.17,24.7,4.18,0.73,9.32,110.9,158.3,19.5,0.66,88.6,mid,0.446,47.400000000000006
GC-0082,56.98,6.63,10.88,17.75,7.76,0.7285,10.2,101.8,168.0,15.0,0.42,84.5,regular,0.312,66.2
GC-0083,43.7,6.18,13.16,32.07,4.89,0.7369,10.59,77.7,163.5,13.5,0.69,94.8,premium,0.734,85.8
GC-0084,35.34,10.71,9.77,37.42,6.76,0.7346,5.86,102.5,156.1,4.3,1.17,95.3,premium,1.059,53.599999999999994
GC-0085,41.18,10.87,10.99,28.1,8.86,0.7473,10.95,97.0,165.7,1.8,0.78,91.5,mid,0.682,68.69999999999999
GC-0086,49.05,9.85,8.13,24.86,8.1,0.7402,9.21,104.5,158.0,10.9,1.13,89.3,mid,0.507,53.5
GC-0087,44.49,11.43,8.28,28.11,7.7,0.7615,8.75,105.5,146.2,27.3,0.85,90.1,mid,0.632,40.69999999999999
GC-0088,48.06,12.43,10.24,22.38,6.88,0.749,7.39,106.7,143.7,15.8,1.29,89.6,mid,0.466,36.999999999999986
GC-0089,53.68,10.05,7.76,23.02,5.48,0.7063,7.6,110.5,168.5,21.6,0.71,86.7,regular,0.429,58.0
GC-0090,48.44,8.64,10.27,27.78,4.87,0.7711,6.67,97.0,140.6,1.1,0.62,92.7,premium,0.573,43.599999999999994
GC-0091,51.92,14.19,5.34,21.63,6.92,0.7309,8.97,88.4,137.0,7.6,1.11,89.8,mid,0.417,48.599999999999994
GC-0092,52.27,10.45,9.68,20.83,6.76,0.7511,8.95,90.5,146.9,5.5,0.5,88.5,mid,0.399,56.400000000000006
GC-0093,31.53,9.52,15.57,36.35,7.04,0.7373,8.76,90.3,168.3,11.2,0.62,95.9,premium,1.153,78.00000000000001
GC-0094,47.94,13.72,9.52,21.93,6.89,0.7428,10.81,103.8,155.7,3.6,0.92,89.8,mid,0.457,51.89999999999999
GC-0095,49.4,8.36,8.69,25.74,7.81,0.7561,8.16,118.2,147.6,1.5,0.55,89.2,mid,0.521,29.39999999999999
GC-0096,53.23,10.49,7.73,21.38,7.17,0.7725,6.69,102.7,181.9,10.3,0.29,89.9,mid,0.402,79.2
GC-0097,46.14,6.23,10.01,26.7,10.91,0.7461,8.2,83.8,168.5,1.2,0.63,96.5,premium,0.579,84.7
GC-0098,55.6,11.4,8.47,18.89,5.64,0.754,10.55,101.1,166.9,5.9,1.44,85.0,regular,0.34,65.80000000000001
GC-0099,50.46,15.39,6.45,23.22,4.48,0.7202,9.94,90.9,161.2,9.0,0.58,85.7,regular,0.46,70.29999999999998
GC-0100,52.29,8.11,6.93,24.41,8.26,0.7645,7.88,102.3,152.1,26.2,0.91,89.6,mid,0.467,49.8
GC-0101,38.59,5.94,11.8,34.58,9.1,0.723,6.6,121.6,143.0,10.9,0.8,97.6,premium,0.896,21.400000000000006
GC-0102,42.27,6.55,12.37,28.93,9.88,0.752,8.24,97.6,142.2,17.8,0.69,96.5,premium,0.684,44.599999999999994
GC-0103,52.11,11.8,7.12,19.61,9.36,0.727,9.79,74.7,161.0,2.4,0.62,86.8,regular,0.376,86.3
GC-0104,58.64,14.67,8.79,13.87,4.02,0.7459,9.42,92.1,168.1,15.8,0.42,84.0,regular,0.237,76.0
GC-0105,55.52,12.72,7.4,19.77,4.59,0.746,8.06,100.2,149.1,85.7,0.93,84.7,regular,0.356,48.89999999999999
GC-0106,56.73,12.56,11.71,14.73,4.26,0.7598,8.24,88.3,178.1,19.8,0.71,84.5,regular,0.26,89.8
GC-0107,39.77,7.46,11.19,31.87,9.71,0.7422,7.32,90.1,159.5,11.9,1.16,95.7,premium,0.801,69.4
GC-0108,55.04,8.55,8.04,25.05,3.32,0.7311,7.69,77.2,164.3,46.6,0.86,84.0,regular,0.455,87.10000000000001
GC-0109,46.96,4.76,9.04,31.2,8.04,0.7682,10.82,102.8,172.0,14.3,0.81,96.0,premium,0.664,69.2
GC-0110,51.64,12.36,11.54,19.24,5.22,0.7309,7.8,113.0,145.3,22.4,0.4,86.4,regular,0.373,32.30000000000001
GC-0111,49.4,9.39,11.41,23.94,5.87,0.7521,10.97,87.5,152.5,1.9,1.2,90.1,mid,0.485,65.0
GC-0112,45.94,7.46,9.12,27.89,9.59,0.7519,7.72,103.6,168.4,3.8,0.74,91.9,mid,0.607,64.80000000000001
GC-0113,53.69,7.14,10.62,23.87,4.68,0.7442,8.75,86.6,173.7,25.4,0.75,86.1,regular,0.445,87.1
GC-0114,37.72,10.6,10.67,32.38,8.62,0.7501,9.49,100.3,158.6,19.4,0.77,95.4,premium,0.858,58.3
GC-0115,38.55,3.38,12.47,33.5,12.1,0.702,9.12,118.1,169.4,31.0,1.19,98.7,premium,0.869,51.30000000000001
GC-0116,56.1,10.81,7.65,22.41,3.02,0.7315,9.39,86.0,170.8,3.1,1.23,86.6,regular,0.399,84.80000000000001
GC-0117,57.82,16.78,5.23,15.97,4.2,0.7237,5.86,105.9,165.1,13.5,0.37,84.0,regular,0.276,59.19999999999999
GC-0118,42.33,14.58,9.56,27.78,5.75,0.7341,9.19,93.1,187.9,13.9,1.37,92.6,mid,0.656,94.80000000000001
GC-0119,42.01,11.69,9.35,28.32,8.64,0.759,10.02,72.3,172.0,2.4,0.58,90.7,mid,0.674,99.7
GC-0120,50.02,14.72,5.77,22.74,6.74,0.7185,8.48,102.6,177.2,7.3,0.71,88.8,regular,0.455,74.6
GC-0121,48.41,12.81,8.33,23.55,6.9,0.7021,9.26,110.3,157.1,27.7,0.95,90.2,mid,0.486,46.8
GC-0122,48.25,7.09,10.53,27.48,6.64,0.7368,10.35,107.8,165.3,2.2,0.47,87.2,mid,0.57,57.500000000000014
GC-0123,42.92,8.59,10.32,29.21,8.95,0.7232,7.62,97.0,183.5,22.5,0.79,95.3,premium,0.681,86.5
GC-0124,60.17,14.44,6.73,15.2,3.46,0.7417,10.05,101.0,158.4,4.5,0.62,84.1,regular,0.253,57.400000000000006
GC-0125,33.35,9.39,9.04,40.33,7.9,0.7238,8.53,95.7,151.9,4.3,0.86,98.1,premium,1.209,56.2
GC-0126,48.72,8.26,9.34,24.04,9.63,0.7234,7.1,99.4,153.3,8.0,1.4,90.3,mid,0.493,53.900000000000006
GC-0127,45.17,10.39,13.0,25.64,5.8,0.7274,9.9,92.9,152.3,6.0,0.84,89.9,mid,0.568,59.400000000000006
GC-0128,57.77,9.99,8.26,19.47,4.52,0.7253,9.13,108.8,145.4,16.0,0.8,85.1,regular,0.337,36.60000000000001
GC-0129,45.32,6.13,8.12,31.94,8.49,0.7638,9.81,107.7,157.1,11.4,0.95,96.8,premium,0.705,49.39999999999999
GC-0130,36.75,10.79,11.45,31.79,9.21,0.7297,9.45,107.6,157.0,14.3,0.45,96.1,premium,0.865,49.400000000000006
GC-0131,54.18,12.32,8.76,19.39,5.35,0.763,11.15,88.1,156.2,0.2,1.16,85.7,regular,0.358,68.1
GC-0132,46.68,4.92,11.63,29.17,7.59,0.747,8.54,80.4,157.5,6.6,1.19,96.6,premium,0.625,77.1
GC-0133,46.87,13.37,11.42,22.29,6.05,0.7267,5.96,107.6,178.9,14.6,1.1,88.9,mid,0.476,71.30000000000001
GC-0134,46.71,10.31,10.47,26.99,5.52,0.7176,8.4,105.2,152.4,15.4,1.03,91.0,mid,0.578,47.2
GC-0135,43.09,11.67,13.56,22.19,9.5,0.7158,10.25,102.7,169.8,12.3,0.76,91.5,mid,0.515,67.10000000000001
GC-0136,43.72,10.57,12.37,26.37,6.97,0.7211,8.67,104.2,153.5,36.2,1.03,90.4,mid,0.603,49.3
GC-0137,43.02,6.21,12.89,29.48,8.4,0.7218,9.14,81.1,155.6,13.7,0.48,94.9,premium,0.685,74.5
GC-0138,34.05,9.12,13.56,34.99,8.28,0.727,9.12,95.3,149.0,26.7,0.81,98.0,premium,1.028,53.7
GC-0139,44.16,10.68,10.12,32.01,3.03,0.7695,8.47,108.9,163.5,8.8,1.28,89.4,mid,0.725,54.599999999999994
GC-0140,53.88,6.87,11.42,20.87,6.97,0.6919,9.64,101.4,182.2,10.6,0.98,88.4,mid,0.387,80.79999999999998
GC-0141,53.48,10.64,10.27,18.21,7.39,0.749,7.14,91.1,150.0,10.9,0.71,86.3,mid,0.341,58.900000000000006
GC-0142,34.75,9.05,16.74,32.13,7.32,0.7361,7.67,102.7,161.6,31.1,0.15,95.9,premium,0.925,58.89999999999999
GC-0143,52.56,9.19,8.28,20.07,9.9,0.7554,11.3,109.2,151.9,46.5,0.66,89.2,mid,0.382,42.7
GC-0144,56.99,12.72,6.92,17.55,5.81,0.6958,7.67,96.9,182.8,1.1,0.65,84.4,regular,0.308,85.9
GC-0145,51.63,10.31,9.38,22.09,6.59,0.7441,10.14,103.8,169.5,1.9,0.46,85.1,regular,0.428,65.7
GC-0146,53.46,6.65,6.46,29.56,3.88,0.7547,10.28,112.9,167.1,8.4,1.05,84.9,regular,0.553,54.19999999999999
GC-0147,44.05,6.84,9.64,31.28,8.2,0.7036,7.96,81.6,177.6,13.8,1.11,92.0,mid,0.71,96.0
GC-0148,62.04,11.5,5.7,16.52,4.24,0.7368,6.88,112.1,157.7,5.6,0.59,84.1,regular,0.266,45.599999999999994
GC-0149,40.87,14.17,14.13,23.74,7.08,0.7401,8.29,99.0,166.1,0.6,0.77,89.4,mid,0.581,67.1
GC-0150,57.7,7.15,7.91,21.31,5.93,0.7581,6.69,85.1,167.9,2.5,0.19,86.1,regular,0.369,82.80000000000001
GC-0151,50.35,9.69,8.62,26.96,4.39,0.7148,7.7,100.6,167.4,6.4,0.48,88.1,mid,0.535,66.80000000000001
GC-0152,45.46,8.67,13.55,24.18,8.13,0.7625,8.33,87.2,159.5,11.7,0.63,92.4,mid,0.532,72.3
GC-0153,53.29,16.37,6.88,19.98,3.47,0.7375,7.24,99.9,165.9,29.9,0.27,86.2,regular,0.375,66.0
GC-0154,59.58,13.53,6.36,20.37,0.16,0.7346,10.79,96.6,166.2,46.9,1.25,86.4,regular,0.342,69.6
GC-0155,53.53,10.02,6.8,21.13,8.51,0.7791,8.64,109.5,176.5,2.2,0.51,87.2,regular,0.395,67.0
GC-0156,37.35,6.0,12.0,33.69,10.96,0.7543,9.63,94.1,170.5,21.8,1.15,98.0,premium,0.902,76.4
GC-0157,39.4,9.41,11.29,34.76,5.14,0.7362,8.18,101.1,158.0,44.3,0.23,94.0,premium,0.882,56.900000000000006
GC-0158,53.45,15.6,7.63,18.38,4.92,0.7258,7.5,92.4,173.1,39.7,0.61,85.4,regular,0.344,80.69999999999999
GC-0159,48.02,12.26,7.13,25.21,7.38,0.7069,10.8,91.5,165.0,32.9,0.1,89.8,mid,0.525,73.5
GC-0160,50.7,8.35,10.76,21.33,8.88,0.7512,9.35,113.7,142.7,22.4,0.82,90.4,mid,0.421,28.999999999999986
GC-0161,53.06,13.8,10.04,18.77,4.34,0.7591,7.45,91.4,176.9,1.6,0.4,85.6,regular,0.354,85.5
GC-0162,36.3,11.2,10.79,31.71,10.0,0.7551,8.9,119.8,183.5,18.3,0.4,96.7,premium,0.874,63.7
GC-0163,58.37,9.68,8.49,20.54,2.93,0.7441,8.57,95.6,162.1,6.7,0.8,85.9,regular,0.352,66.5
GC-0164,56.79,6.32,10.67,21.58,4.64,0.7336,8.41,104.8,154.4,31.8,1.43,89.0,mid,0.38,49.60000000000001
GC-0165,54.88,15.41,5.97,16.81,6.92,0.7615,6.95,115.5,148.6,3.3,0.7,86.5,regular,0.306,33.099999999999994
GC-0166,64.71,7.55,9.19,15.5,3.05,0.6872,10.17,75.9,158.8,9.4,0.8,84.0,regular,0.24,82.9
GC-0167,45.46,7.85,12.8,26.41,7.48,0.7352,9.29,109.8,148.9,10.9,0.43,96.1,premium,0.581,39.10000000000001
GC-0168,49.16,15.44,5.46,23.39,6.55,0.7213,8.41,98.2,148.9,9.9,0.56,84.8,regular,0.476,50.7
GC-0169,37.55,8.1,13.44,33.11,7.8,0.7268,8.1,103.4,145.1,22.8,0.47,95.8,premium,0.882,41.69999999999999
GC-0170,42.28,4.21,15.54,28.02,9.94,0.7353,8.61,81.6,165.0,1.0,0.99,96.6,premium,0.663,83.4
GC-0171,51.35,11.95,8.37,23.15,5.19,0.7294,9.34,108.4,150.7,9.2,0.14,84.9,regular,0.451,42.29999999999998
GC-0172,58.49,10.64,5.17,20.34,5.36,0.7466,8.36,83.8,149.3,14.6,0.85,85.4,regular,0.348,65.50000000000001
GC-0173,41.43,6.06,11.68,33.23,7.59,0.7208,10.25,113.9,177.6,2.7,1.25,94.7,premium,0.802,63.69999999999999
GC-0174,48.24,11.49,9.29,26.66,4.32,0.7183,9.7,107.1,157.7,0.4,0.54,88.5,mid,0.553,50.599999999999994
GC-0175,50.85,12.73,9.8,21.64,4.98,0.745,9.23,101.0,168.8,6.6,0.59,86.8,mid,0.426,67.80000000000001
GC-0176,51.15,13.92,7.39,21.82,5.72,0.7407,9.32,98.1,136.9,13.0,1.4,87.0,mid,0.427,38.80000000000001
GC-0177,43.08,12.61,11.32,23.36,9.62,0.7328,3.79,104.1,140.1,3.1,1.07,90.5,mid,0.542,36.0
GC-0178,51.02,11.61,9.09,24.17,4.11,0.7592,10.56,107.4,145.7,31.3,0.93,86.0,regular,0.474,38.29999999999998
GC-0179,55.16,6.11,13.91,18.05,6.77,0.7194,7.88,112.2,172.3,28.3,0.28,87.1,mid,0.327,60.10000000000001
GC-0180,53.62,15.16,9.52,18.87,2.84,0.7056,8.1,102.3,187.0,2.7,0.91,86.5,regular,0.352,84.7
GC-0181,40.77,7.91,8.4,33.47,9.46,0.7407,7.57,76.9,162.4,40.5,0.96,97.3,premium,0.821,85.5
GC-0182,39.35,9.25,10.49,32.19,8.72,0.7535,8.2,105.4,140.5,57.6,0.43,95.9,premium,0.818,35.099999999999994
GC-0183,43.16,10.3,12.64,30.83,3.07,0.7491,8.2,92.9,181.7,0.4,0.34,94.0,premium,0.714,88.79999999999998
GC-0184,35.13,7.89,13.46,36.1,7.43,0.7454,9.37,113.9,145.1,30.1,0.72,96.8,premium,1.028,31.19999999999999
GC-0185,52.53,9.53,9.3,24.7,3.93,0.7622,11.9,100.7,150.4,5.1,0.49,87.1,regular,0.47,49.7
GC-0186,44.77,14.82,8.97,24.17,7.27,0.7586,11.72,93.4,153.5,7.0,0.75,89.3,mid,0.54,60.099999999999994
GC-0187,41.49,10.11,8.51,30.13,9.76,0.7341,8.21,94.9,135.0,59.0,0.81,95.5,premium,0.726,40.099999999999994
GC-0188,51.03,16.48,6.75,17.37,8.37,0.7068,7.76,93.4,133.8,5.1,0.76,85.5,regular,0.34,40.400000000000006
GC-0189,47.21,10.9,9.58,25.09,7.21,0.77,10.87,111.9,175.2,14.1,0.46,89.1,mid,0.531,63.29999999999998
GC-0190,41.97,9.05,10.2,30.61,8.17,0.7739,9.07,97.4,155.1,47.4,0.31,90.7,mid,0.729,57.69999999999999
GC-0191,54.34,13.58,6.42,19.9,5.77,0.7079,8.34,116.8,152.6,0.1,1.32,86.0,regular,0.366,35.8
GC-0192,49.94,11.3,7.32,24.04,7.4,0.7226,11.56,97.0,184.2,1.3,1.1,88.8,mid,0.481,87.19999999999999
GC-0193,40.32,8.98,8.82,31.49,10.39,0.7431,11.57,98.1,150.7,38.0,1.12,97.2,premium,0.781,52.599999999999994
GC-0194,55.95,12.08,6.25,20.46,5.26,0.725,10.25,89.8,135.8,15.7,0.19,87.8,regular,0.366,46.000000000000014
GC-0195,40.65,2.9,11.48,34.61,10.36,0.745,8.44,117.5,144.7,4.5,0.72,97.0,premium,0.851,27.19999999999999
GC-0196,54.13,13.76,5.98,20.75,5.38,0.7466,7.49,88.8,161.5,11.5,0.3,85.2,regular,0.383,72.7
GC-0197,57.79,10.17,6.39,23.05,2.6,0.7542,9.01,110.6,127.9,10.5,0.91,84.0,regular,0.399,17.30000000000001
GC-0198,46.01,10.43,10.24,23.23,10.09,0.7472,7.52,105.3,144.4,1.9,1.02,89.6,mid,0.505,39.10000000000001
GC-0199,52.73,16.36,7.06,20.59,3.27,0.7421,6.71,85.8,169.0,0.9,0.39,85.1,regular,0.39,83.2
GC-0200,56.19,13.29,9.57,12.53,8.43,0.6934,10.63,110.6,160.0,8.0,0.41,86.9,regular,0.223,49.400000000000006
GC-0201,40.49,13.88,11.84,26.84,6.94,0.7487,7.79,95.3,140.7,33.9,0.81,94.1,premium,0.663,45.39999999999999
GC-0202,40.31,9.75,8.38,32.75,8.82,0.7568,10.87,101.3,165.4,10.0,0.9,91.1,mid,0.812,64.10000000000001
GC-0203,52.55,15.91,8.46,18.37,4.71,0.7363,7.95,97.2,174.1,11.7,0.62,86.6,regular,0.35,76.89999999999999
GC-0204,57.69,11.44,11.0,16.14,3.73,0.7106,8.72,93.8,186.4,16.0,0.72,84.0,regular,0.28,92.60000000000001
GC-0205,33.97,12.5,10.93,33.18,9.41,0.755,9.94,88.6,160.9,16.7,1.22,97.6,premium,0.977,72.30000000000001
GC-0206,55.41,11.8,7.35,20.29,5.15,0.7688,10.18,103.1,188.0,2.6,1.13,86.2,regular,0.366,84.9
GC-0207,47.29,14.06,9.6,23.03,6.02,0.757,8.76,86.3,160.5,1.2,0.53,88.6,mid,0.487,74.2
GC-0208,41.89,9.97,11.61,31.42,5.11,0.7389,6.87,111.1,147.7,17.8,0.62,95.0,premium,0.75,36.599999999999994
GC-0209,47.42,13.87,10.1,22.17,6.43,0.721,11.15,95.4,159.0,4.5,0.9,88.0,regular,0.468,63.599999999999994
GC-0210,50.78,8.93,11.12,24.42,4.75,0.7529,7.94,101.3,177.4,24.6,0.56,86.3,regular,0.481,76.10000000000001
GC-0211,41.85,6.87,15.28,31.36,4.63,0.716,10.04,113.3,169.4,0.6,0.92,95.6,premium,0.749,56.10000000000001
GC-0212,44.9,10.83,8.95,26.49,8.83,0.7302,6.97,94.5,170.6,39.7,0.85,92.6,mid,0.59,76.1
GC-0213,48.18,12.56,10.35,22.45,6.46,0.7387,8.02,111.9,177.6,7.0,1.39,88.9,regular,0.466,65.69999999999999
GC-0214,49.3,6.23,12.05,27.33,5.09,0.7475,8.4,118.2,174.3,2.8,0.94,88.3,mid,0.554,56.10000000000001
GC-0215,53.18,14.76,8.95,20.31,2.81,0.7179,8.53,83.5,168.1,38.1,1.33,88.3,regular,0.382,84.6
GC-0216,57.47,8.76,7.04,21.69,5.05,0.756,9.64,96.6,157.5,20.1,0.86,86.0,regular,0.377,60.900000000000006
GC-0217,54.69,11.84,10.06,18.91,4.49,0.7469,9.46,93.3,157.3,3.6,0.75,85.0,regular,0.346,64.00000000000001
GC-0218,55.03,8.03,8.24,20.44,8.27,0.7248,8.43,94.2,180.5,1.0,0.46,85.7,regular,0.371,86.3
GC-0219,55.6,13.61,10.22,19.35,1.22,0.767,9.42,102.4,144.1,10.6,0.9,84.3,regular,0.348,41.69999999999999
GC-0220,59.46,11.25,9.46,14.82,5.01,0.6936,9.81,116.4,176.9,29.7,1.0,84.0,regular,0.249,60.5
GC-0221,57.9,11.76,5.33,17.05,7.96,0.6735,6.8,95.8,175.5,29.5,0.29,85.6,regular,0.294,79.7
GC-0222,46.58,9.15,11.48,27.97,4.82,0.7937,7.15,106.6,128.5,16.3,1.06,89.5,mid,0.6,21.900000000000006
GC-0223,53.57,14.2,6.82,18.91,6.49,0.7476,8.71,100.7,166.7,2.3,1.17,85.6,regular,0.353,65.99999999999999
GC-0224,53.16,12.52,6.4,21.91,6.02,0.7204,7.98,93.2,154.6,4.6,0.96,86.9,regular,0.412,61.39999999999999
GC-0225,52.4,12.18,9.93,21.11,4.38,0.7257,8.61,108.3,159.6,0.6,0.52,84.8,regular,0.403,51.3
GC-0226,49.59,11.32,9.39,25.31,4.4,0.7157,11.91,86.0,177.6,2.8,0.69,86.8,regular,0.51,91.6
GC-0227,52.31,8.72,12.89,21.01,5.07,0.727,9.0,100.6,152.3,8.6,0.71,87.2,regular,0.402,51.70000000000002
GC-0228,59.17,7.7,7.75,22.01,3.37,0.7291,10.83,95.1,181.4,2.0,0.62,84.2,regular,0.372,86.30000000000001
GC-0229,43.3,4.6,13.34,32.11,6.65,0.7707,9.21,93.0,141.9,0.5,0.83,95.2,premium,0.742,48.900000000000006
GC-0230,42.09,10.29,9.26,27.86,10.5,0.7507,7.56,90.2,174.9,14.6,1.11,96.2,premium,0.662,84.7
GC-0231,40.34,4.86,13.75,33.62,7.42,0.7306,7.27,89.0,164.5,51.7,0.83,94.9,premium,0.833,75.5
GC-0232,41.95,19.09,7.6,24.41,6.95,0.7433,9.85,107.0,169.5,7.9,0.46,89.0,regular,0.582,62.5
GC-0233,46.23,11.68,7.72,28.44,5.94,0.7233,6.17,102.3,185.7,5.1,0.23,89.6,mid,0.615,83.39999999999999
GC-0234,50.68,6.78,10.13,27.11,5.3,0.7543,10.28,112.5,188.6,34.3,1.04,89.1,mid,0.535,76.1
GC-0235,58.21,13.72,8.48,16.6,2.99,0.743,7.98,104.2,191.2,1.6,0.88,84.1,regular,0.285,86.99999999999999
GC-0236,52.76,12.76,9.63,19.76,5.09,0.734,6.72,97.7,138.8,12.9,1.0,86.1,regular,0.375,41.10000000000001
GC-0237,57.08,13.29,3.67,18.66,7.3,0.7184,8.04,99.3,147.2,9.9,0.66,85.2,regular,0.327,47.89999999999999
GC-0238,59.24,13.8,9.15,17.26,0.54,0.7363,9.5,119.6,159.6,7.9,0.65,84.0,regular,0.291,40.0
GC-0239,52.58,11.46,10.79,20.72,4.46,0.7453,7.64,101.8,167.3,1.2,1.01,85.3,regular,0.394,65.50000000000001
GC-0240,42.74,12.69,12.29,21.23,11.05,0.7342,7.4,82.1,177.4,1.1,1.19,90.6,mid,0.497,95.30000000000001
GC-0241,56.62,11.67,5.97,20.07,5.66,0.7403,6.64,103.5,156.2,40.8,0.87,86.6,regular,0.354,52.69999999999999
GC-0242,44.6,12.47,7.69,28.56,6.67,0.7299,8.55,102.7,162.3,27.9,1.18,92.1,mid,0.64,59.60000000000001
GC-0243,48.22,8.74,10.56,21.57,10.92,0.7535,6.35,97.7,158.7,4.8,0.77,87.8,mid,0.447,60.999999999999986
GC-0244,38.94,11.03,8.92,34.58,6.52,0.7333,10.92,110.9,166.7,3.8,0.45,96.0,premium,0.888,55.79999999999998
GC-0245,46.79,16.88,7.85,19.94,8.55,0.7232,8.66,88.7,165.2,4.0,0.95,87.0,regular,0.426,76.49999999999999
GC-0246,40.01,6.51,12.34,33.85,7.29,0.7384,8.73,100.3,149.8,0.6,1.1,95.8,premium,0.846,49.500000000000014
GC-0247,51.07,10.04,6.71,27.08,5.1,0.7352,10.17,93.7,161.0,8.3,0.93,90.0,mid,0.53,67.3
GC-0248,61.01,14.8,7.34,12.83,4.02,0.7245,8.98,93.4,131.0,7.5,0.6,84.3,regular,0.21,37.599999999999994
GC-0249,48.56,6.35,11.06,27.46,6.56,0.7239,6.98,117.0,147.0,0.9,0.77,89.9,mid,0.565,30.0
GC-0250,46.54,11.73,7.83,27.46,6.43,0.7522,8.3,85.7,171.4,26.2,0.46,89.7,mid,0.59,85.7
GC-0251,44.93,13.2,10.68,21.64,9.55,0.7325,8.69,106.1,176.7,12.9,0.68,89.3,mid,0.482,70.6
GC-0252,54.71,6.43,14.36,18.73,5.76,0.7442,10.39,105.4,182.0,0.2,0.89,89.2,mid,0.342,76.6
GC-0253,43.39,5.84,13.2,30.47,7.11,0.758,11.53,116.2,173.8,12.8,0.3,96.2,premium,0.702,57.60000000000001
GC-0254,38.4,10.47,10.2,35.42,5.51,0.7542,10.61,103.3,155.7,39.6,0.17,95.1,premium,0.922,52.39999999999999
GC-0255,55.16,12.32,7.88,19.32,5.32,0.7689,5.69,94.5,146.9,16.4,0.86,85.3,regular,0.35,52.400000000000006
GC-0256,51.88,7.56,9.85,25.39,5.32,0.7352,7.4,97.2,145.0,11.2,1.11,89.6,mid,0.489,47.8
GC-0257,45.05,9.7,11.47,27.5,6.28,0.7531,7.29,112.1,186.0,0.2,0.53,90.6,mid,0.61,73.9
GC-0258,54.46,4.14,11.54,22.2,7.66,0.7269,8.43,102.8,140.5,0.2,0.57,90.5,mid,0.408,37.7
GC-0259,45.98,16.48,9.19,19.49,8.86,0.7122,8.11,97.2,150.7,1.5,1.23,88.1,mid,0.424,53.499999999999986
GC-0260,33.87,7.76,17.24,35.31,5.82,0.7628,7.81,96.0,146.2,13.0,0.9,98.0,premium,1.043,50.19999999999999
GC-0261,46.87,10.98,8.81,25.85,7.48,0.7308,6.39,110.5,165.2,3.3,0.78,91.6,mid,0.552,54.69999999999999
GC-0262,42.25,7.3,9.97,29.15,11.33,0.7146,11.96,99.8,147.4,14.3,0.48,93.0,mid,0.69,47.60000000000001
GC-0263,38.49,10.94,9.59,34.56,6.42,0.752,7.62,79.7,172.1,36.3,0.49,98.2,premium,0.898,92.39999999999999
GC-0264,55.32,14.59,9.03,16.32,4.74,0.7204,8.87,103.4,157.3,10.6,0.65,87.3,mid,0.295,53.900000000000006
GC-0265,52.95,11.78,7.28,22.57,5.42,0.7717,7.32,119.9,148.3,1.0,0.92,87.3,regular,0.426,28.400000000000006
GC-0266,54.19,18.83,6.73,12.48,7.77,0.7328,7.32,96.4,147.4,0.9,1.0,84.5,regular,0.23,51.0
GC-0267,49.93,10.15,5.95,27.03,6.95,0.7425,7.81,98.0,172.1,5.3,0.78,91.1,mid,0.541,74.1
GC-0268,46.17,7.5,10.03,28.9,7.4,0.7234,10.64,104.3,149.4,42.4,1.07,90.6,mid,0.626,45.10000000000001
GC-0269,55.87,9.24,7.54,17.43,9.92,0.7437,9.71,113.8,158.7,45.1,0.6,87.2,regular,0.312,44.89999999999999
GC-0270,47.6,6.42,13.52,26.43,6.03,0.7561,8.56,85.5,164.9,6.5,1.16,89.7,mid,0.555,79.4
GC-0271,42.63,7.95,13.32,31.54,4.56,0.741,9.87,86.6,167.6,14.7,0.41,96.5,premium,0.74,81.0
GC-0272,55.98,16.06,9.03,13.7,5.22,0.7447,7.18,97.9,152.2,7.3,0.64,84.1,regular,0.245,54.29999999999998
GC-0273,64.54,5.15,3.71,21.33,5.27,0.7254,9.01,101.3,149.0,12.5,0.85,84.9,regular,0.33,47.7
GC-0274,40.17,12.74,11.75,26.75,8.58,0.7424,9.48,101.3,155.0,12.1,0.5,93.8,premium,0.666,53.7
GC-0275,52.93,18.54,2.91,20.03,5.59,0.7217,10.7,86.1,151.5,1.5,0.95,86.3,regular,0.378,65.4
GC-0276,49.16,6.28,16.59,23.22,4.75,0.733,8.26,106.0,137.1,57.4,0.29,89.6,mid,0.472,31.099999999999994
GC-0277,48.19,14.11,6.39,24.46,6.86,0.7468,9.42,101.6,154.5,2.3,1.18,87.8,regular,0.508,52.900000000000006
GC-0278,41.32,11.72,11.21,29.77,5.98,0.7343,11.05,88.3,120.6,6.6,0.64,89.9,mid,0.72,32.3
GC-0279,45.86,11.75,16.49,21.31,4.58,0.7641,8.06,83.8,166.5,17.8,1.21,89.4,mid,0.465,82.7
GC-0280,40.42,7.01,16.42,29.57,6.59,0.7105,6.23,101.2,160.0,5.0,0.73,97.3,premium,0.732,58.8
GC-0281,40.76,7.0,10.33,32.1,9.81,0.7516,5.23,99.6,160.7,0.3,0.87,98.6,premium,0.788,61.099999999999994
GC-0282,39.36,10.2,11.09,33.17,6.18,0.7565,8.14,92.1,150.6,5.5,0.58,95.8,premium,0.843,58.5
GC-0283,42.71,16.55,9.08,27.39,4.27,0.7256,6.66,113.4,177.7,24.0,1.49,89.9,mid,0.641,64.29999999999998
GC-0284,42.16,11.88,10.8,28.66,6.51,0.749,8.29,96.3,160.0,16.9,1.15,90.5,mid,0.68,63.7
GC-0285,59.52,14.49,6.45,13.36,6.18,0.7601,7.95,107.6,175.8,50.6,0.5,84.7,regular,0.224,68.20000000000002
GC-0286,46.31,11.53,13.17,24.94,4.05,0.7044,10.94,107.6,152.5,4.7,0.37,88.5,mid,0.539,44.900000000000006
GC-0287,56.87,12.52,10.94,17.64,2.03,0.7395,7.91,97.1,153.2,5.7,0.88,84.0,regular,0.31,56.099999999999994
GC-0288,55.06,10.12,8.69,20.94,5.19,0.7646,12.33,100.1,144.3,5.6,0.81,84.7,regular,0.38,44.20000000000002
GC-0289,36.6,8.39,13.4,32.65,8.96,0.748,7.92,108.5,177.3,4.4,0.78,96.4,premium,0.892,68.80000000000001
GC-0290,53.2,10.94,11.16,17.87,6.82,0.7333,6.98,102.1,161.4,13.9,1.34,86.6,regular,0.336,59.30000000000001
GC-0291,47.95,10.7,8.47,25.24,7.64,0.7204,11.11,103.6,169.1,1.8,1.08,90.9,mid,0.526,65.5
GC-0292,56.41,12.79,8.77,15.14,6.9,0.7254,7.47,97.0,160.4,55.8,0.72,86.4,regular,0.268,63.400000000000006
GC-0293,54.88,9.39,2.91,27.09,5.73,0.7172,9.04,102.1,151.6,13.6,0.31,87.7,regular,0.494,49.5
GC-0294,34.03,10.44,12.08,30.69,12.76,0.7343,9.13,116.5,173.4,81.9,0.3,96.2,premium,0.902,56.900000000000006
GC-0295,48.2,12.2,7.39,24.03,8.18,0.743,8.57,98.8,171.1,1.9,0.15,90.5,mid,0.499,72.3
GC-0296,52.96,15.51,9.11,18.55,3.88,0.7619,11.86,93.9,177.1,30.2,0.81,84.8,regular,0.35,83.19999999999999
GC-0297,51.31,15.71,7.59,20.16,5.23,0.7458,8.16,85.8,152.2,25.6,1.1,84.5,regular,0.393,66.39999999999999
GC-0298,57.69,9.68,7.05,23.0,2.58,0.7067,10.38,97.0,159.8,6.0,1.07,84.4,regular,0.399,62.80000000000001
GC-0299,57.17,10.15,7.08,20.73,4.86,0.7222,9.48,104.9,153.0,11.8,0.98,85.7,regular,0.363,48.099999999999994
GC-0300,53.77,16.97,8.27,17.72,3.27,0.7107,10.4,77.7,167.3,2.8,0.54,84.1,regular,0.33,89.60000000000001
GC-0301,54.4,10.53,8.38,22.03,4.66,0.7356,7.89,95.0,158.6,4.8,0.69,84.7,regular,0.405,63.599999999999994
GC-0302,53.68,13.5,7.63,21.34,3.85,0.7287,10.8,85.2,154.3,41.7,0.7,86.9,regular,0.398,69.10000000000001
GC-0303,43.92,11.23,10.08,29.25,5.51,0.746,7.37,95.6,177.7,2.1,0.62,95.7,premium,0.666,82.1
GC-0304,50.33,15.21,11.1,15.71,7.64,0.7507,11.12,98.5,155.1,17.3,1.04,85.9,regular,0.312,56.599999999999994
GC-0305,52.24,16.31,8.75,18.69,4.01,0.7293,8.6,89.4,159.3,5.5,0.9,84.1,regular,0.358,69.9
GC-0306,41.97,10.99,14.63,26.19,6.21,0.7519,10.99,93.5,165.7,20.1,0.76,94.3,premium,0.624,72.19999999999999
GC-0307,51.06,5.44,12.53,23.64,7.32,0.7459,8.85,94.2,116.5,6.5,0.84,90.3,mid,0.463,22.299999999999997
GC-0308,40.62,5.85,12.98,33.61,6.94,0.7289,9.24,105.7,171.8,28.0,0.99,97.2,premium,0.827,66.10000000000001
GC-0309,52.88,10.01,6.7,26.99,3.42,0.7173,9.73,103.0,184.3,3.4,1.1,87.7,regular,0.51,81.30000000000001
GC-0310,48.59,8.16,5.35,28.02,9.88,0.757,7.45,98.5,171.3,27.4,0.44,89.8,mid,0.577,72.80000000000001
GC-0311,49.31,7.67,12.76,27.05,3.21,0.7286,9.29,110.1,151.8,13.6,0.62,89.8,mid,0.549,41.70000000000002
GC-0312,31.18,11.74,12.52,36.0,8.57,0.7472,7.19,97.5,164.7,15.1,1.35,97.4,premium,1.155,67.19999999999999
GC-0313,56.44,6.18,8.56,22.83,6.0,0.7467,9.25,83.1,162.9,0.8,0.62,86.2,regular,0.405,79.80000000000001
GC-0314,52.67,18.04,9.74,14.28,5.28,0.7101,9.12,101.2,140.9,16.5,0.91,86.7,regular,0.271,39.7
GC-0315,46.41,17.38,5.84,26.23,4.14,0.7296,9.76,98.7,147.6,16.1,0.29,89.2,mid,0.565,48.89999999999999
GC-0316,45.39,11.59,9.56,24.88,8.59,0.7228,8.96,94.5,169.0,0.2,0.73,91.7,mid,0.548,74.5
GC-0317,42.89,13.66,13.36,23.95,6.14,0.7248,8.81,92.8,150.9,10.5,0.5,88.5,mid,0.558,58.10000000000001
GC-0318,56.64,15.71,7.66,18.12,1.86,0.729,11.53,118.4,141.5,1.7,0.46,84.2,regular,0.32,23.099999999999994
GC-0319,54.66,10.74,8.34,23.45,2.8,0.7254,12.22,116.2,158.3,5.0,0.96,86.6,regular,0.429,42.10000000000001
GC-0320,49.19,13.34,7.25,21.64,8.59,0.7154,9.29,111.4,145.9,0.2,0.81,86.7,regular,0.44,34.5
GC-0321,46.61,3.09,12.41,29.69,8.21,0.7444,7.48,95.0,181.4,31.8,1.02,95.8,premium,0.637,86.4
GC-0322,47.5,8.47,8.14,26.98,8.9,0.7285,8.76,116.2,168.4,0.6,0.4,89.7,mid,0.568,52.2
GC-0323,54.01,12.84,8.16,20.39,4.6,0.7327,9.07,99.4,152.4,25.4,1.06,87.2,regular,0.378,53.0
GC-0324,54.48,11.27,8.19,20.33,5.74,0.7365,7.63,87.8,175.3,39.8,1.03,86.5,regular,0.373,87.50000000000001
GC-0325,57.73,14.31,7.61,17.34,3.01,0.7642,8.26,110.5,157.2,3.0,1.14,84.0,regular,0.3,46.69999999999999
GC-0326,53.67,9.19,12.85,17.47,6.83,0.7336,7.09,99.0,142.6,0.9,0.3,86.0,regular,0.326,43.599999999999994
GC-0327,50.21,11.57,11.92,19.83,6.47,0.7344,9.15,101.5,159.4,8.2,1.07,86.1,mid,0.395,57.900000000000006
GC-0328,37.59,11.29,11.96,29.57,9.59,0.7297,7.85,99.7,127.0,31.5,1.2,94.0,premium,0.787,27.299999999999997
GC-0329,54.0,15.19,4.11,19.68,7.02,0.721,8.09,96.1,149.2,22.7,0.34,86.0,regular,0.364,53.099999999999994
GC-0330,57.18,14.12,8.07,15.49,5.15,0.7595,7.54,109.8,158.5,14.0,0.47,84.7,regular,0.271,48.7
GC-0331,42.55,11.55,5.94,32.05,7.92,0.7339,10.1,106.8,162.7,49.1,0.1,91.2,mid,0.753,55.89999999999999
GC-0332,62.03,7.57,9.87,18.54,1.99,0.743,8.69,88.3,134.4,5.7,0.82,84.0,regular,0.299,46.10000000000001
GC-0333,53.07,13.01,9.49,20.16,4.27,0.7332,6.54,110.9,173.6,80.8,0.9,85.7,regular,0.38,62.69999999999999
GC-0334,40.29,6.69,9.64,36.22,7.15,0.7096,9.23,119.3,179.3,2.8,0.62,92.5,mid,0.899,60.000000000000014
GC-0335,52.53,6.49,8.11,26.96,5.91,0.7615,8.18,92.4,149.2,10.5,0.85,88.6,regular,0.513,56.79999999999998
GC-0336,50.51,8.75,9.37,25.03,6.34,0.7524,7.86,97.6,126.1,30.3,0.53,91.0,mid,0.496,28.5
GC-0337,56.78,9.15,4.68,19.52,9.86,0.7588,7.65,84.3,141.7,5.7,0.19,87.0,regular,0.344,57.39999999999999
GC-0338,58.89,8.69,4.06,22.87,5.5,0.7178,10.14,115.3,163.9,1.0,0.62,86.4,regular,0.388,48.60000000000001
GC-0339,43.19,11.86,9.57,29.35,6.02,0.7287,7.32,108.1,192.8,2.0,0.5,90.3,mid,0.68,84.70000000000002
GC-0340,53.88,17.89,6.93,18.64,2.66,0.7387,7.29,91.1,183.0,29.3,0.81,85.1,regular,0.346,91.9
GC-0341,47.48,4.92,11.33,31.66,4.61,0.7609,10.14,109.4,151.2,5.2,1.31,93.3,premium,0.667,41.79999999999998
GC-0342,42.1,12.13,12.09,24.43,9.26,0.7047,10.29,82.0,162.6,15.0,1.09,90.9,mid,0.58,80.6
GC-0343,46.39,11.85,12.2,23.85,5.7,0.718,8.84,94.0,164.8,22.4,0.98,88.7,mid,0.514,70.80000000000001
GC-0344,50.0,12.93,7.61,23.49,5.96,0.6902,9.15,96.8,158.1,5.2,0.56,88.7,regular,0.47,61.3
GC-0345,49.71,7.64,8.94,26.59,7.11,0.7206,8.88,108.9,165.4,26.4,0.6,90.9,mid,0.535,56.5
GC-0346,55.69,10.72,6.73,22.18,4.68,0.7474,8.06,103.4,146.5,15.3,1.08,86.9,regular,0.398,43.099999999999994
GC-0347,52.73,10.72,8.87,20.54,7.14,0.747,7.69,94.6,158.9,6.7,0.96,88.0,regular,0.39,64.30000000000001
GC-0348,49.51,9.16,8.25,26.57,6.51,0.7608,7.88,100.4,159.0,9.7,0.87,88.3,mid,0.537,58.599999999999994
GC-0349,55.32,14.41,5.49,21.61,3.17,0.7336,9.16,110.0,164.0,33.2,0.27,84.8,regular,0.391,54.0
GC-0350,49.83,17.03,10.29,20.61,2.24,0.7084,8.68,111.8,169.0,1.4,0.19,85.9,regular,0.414,57.2
GC-0351,36.57,9.79,11.98,32.69,8.97,0.7419,8.11,94.6,174.9,6.5,0.33,96.2,premium,0.894,80.30000000000001
GC-0352,50.43,12.32,9.34,22.69,5.22,0.7526,7.7,96.6,165.7,29.3,0.56,85.6,regular,0.45,69.1
GC-0353,32.39,8.88,14.87,34.95,8.9,0.7528,9.67,109.0,139.5,5.7,0.44,98.6,premium,1.079,30.5
GC-0354,40.64,6.28,10.49,34.78,7.82,0.7325,9.01,116.2,141.5,2.6,1.0,95.8,premium,0.856,25.299999999999997
GC-0355,54.81,11.51,8.9,17.4,7.39,0.7194,7.43,108.7,130.7,4.4,0.74,88.0,mid,0.317,21.999999999999986
GC-0356,41.05,8.7,10.3,31.16,8.8,0.7476,7.61,94.1,151.4,2.3,0.72,96.1,premium,0.759,57.30000000000001
GC-0357,57.06,10.1,5.27,20.47,7.1,0.7795,9.62,110.3,182.0,4.6,0.78,84.7,regular,0.359,71.7
GC-0358,34.43,10.77,11.56,33.62,9.61,0.7559,8.73,101.4,161.9,7.2,0.83,96.2,premium,0.976,60.5
GC-0359,46.4,4.95,14.3,25.8,8.56,0.7223,10.28,98.7,156.4,36.5,1.22,90.6,mid,0.556,57.7
GC-0360,55.74,15.4,4.85,19.88,4.13,0.7157,11.44,83.9,156.3,25.7,0.93,85.8,regular,0.357,72.4
GC-0361,38.57,5.77,13.13,34.08,8.45,0.7321,9.48,94.9,147.3,1.6,1.04,97.6,premium,0.884,52.400000000000006
GC-0362,54.64,11.79,7.0,21.1,5.46,0.734,8.49,98.3,170.9,10.3,0.84,84.8,regular,0.386,72.60000000000001
GC-0363,44.09,5.97,9.43,30.84,9.68,0.7361,8.08,101.4,160.2,9.7,0.72,94.5,premium,0.699,58.79999999999998
GC-0364,40.87,9.48,10.96,34.24,4.44,0.7766,7.9,93.3,146.9,10.6,1.14,94.0,premium,0.838,53.60000000000001
GC-0365,53.69,15.11,6.87,21.67,2.66,0.7352,9.01,116.5,151.2,8.8,0.53,87.5,regular,0.404,34.69999999999999
GC-0366,43.62,3.91,12.76,34.37,5.34,0.764,9.9,96.0,151.0,10.0,1.38,95.0,premium,0.788,55.0
GC-0367,46.35,15.5,7.76,20.14,10.25,0.775,8.41,97.7,199.6,3.2,0.31,87.5,regular,0.435,101.89999999999999
GC-0368,35.43,8.3,10.7,37.26,8.31,0.7425,7.8,97.5,146.3,22.6,1.43,96.2,premium,1.052,48.80000000000001
GC-0369,54.46,8.7,8.56,22.04,6.24,0.7153,10.44,90.8,163.0,50.6,0.94,84.0,regular,0.405,72.2
GC-0370,46.8,13.92,8.91,22.71,7.65,0.7242,10.35,111.3,149.9,5.0,0.58,86.5,regular,0.485,38.60000000000001
GC-0371,45.63,6.86,10.31,28.58,8.62,0.7303,9.19,85.0,174.4,6.9,1.0,90.6,mid,0.626,89.4
GC-0372,47.81,9.05,10.5,23.14,9.5,0.751,9.85,94.4,153.1,45.6,1.03,90.8,mid,0.484,58.69999999999999
GC-0373,53.07,8.08,11.2,22.81,4.84,0.744,9.78,79.7,191.7,10.4,0.86,86.1,regular,0.43,111.99999999999999
GC-0374,45.48,9.72,13.15,26.58,5.07,0.7376,7.37,103.6,160.3,1.1,0.97,90.0,mid,0.584,56.70000000000002
GC-0375,54.47,8.54,3.99,26.81,6.19,0.78,12.04,98.3,147.6,28.8,0.73,89.3,mid,0.492,49.3
GC-0376,39.06,9.44,10.99,33.95,6.56,0.7282,9.99,87.4,171.7,31.0,0.51,97.1,premium,0.869,84.29999999999998
GC-0377,55.83,14.94,7.54,15.75,5.94,0.7319,9.4,113.6,160.4,41.3,0.99,84.3,regular,0.282,46.80000000000001
GC-0378,54.69,15.05,10.63,13.53,6.1,0.7393,8.49,111.7,158.5,12.8,0.17,88.4,mid,0.247,46.8
GC-0379,54.91,16.44,6.56,18.85,3.25,0.7022,8.42,99.5,158.0,11.8,0.18,84.4,regular,0.343,58.5
GC-0380,52.17,9.79,10.85,21.76,5.43,0.7348,9.99,90.7,159.1,22.4,0.7,90.0,mid,0.417,68.39999999999999
GC-0381,51.0,13.69,7.74,22.99,4.58,0.7212,10.74,99.7,140.1,1.3,0.78,87.2,regular,0.451,40.39999999999999
GC-0382,39.88,2.78,12.26,34.86,10.22,0.7429,9.08,114.9,147.8,5.0,0.66,96.8,premium,0.874,32.900000000000006
GC-0383,54.87,16.4,7.42,16.07,5.24,0.7369,11.11,91.9,155.7,31.3,0.63,85.7,regular,0.293,63.79999999999998
GC-0384,45.56,15.38,8.61,23.0,7.44,0.7411,7.98,104.2,155.9,5.4,0.88,89.2,mid,0.505,51.7
GC-0385,57.63,11.8,3.41,22.45,4.7,0.7409,10.89,125.9,177.1,2.8,0.62,85.6,regular,0.39,51.19999999999999
GC-0386,44.22,9.33,9.81,28.16,8.48,0.7317,9.67,92.0,178.1,41.6,0.98,90.3,mid,0.637,86.1
GC-0387,46.91,8.34,9.4,27.74,7.6,0.755,8.74,93.1,163.8,44.3,0.55,90.0,mid,0.591,70.70000000000002
GC-0388,46.76,11.14,9.69,26.76,5.65,0.7268,8.35,103.8,139.4,2.5,0.36,91.0,mid,0.572,35.60000000000001
GC-0389,38.25,10.57,11.18,33.3,6.69,0.7666,6.21,101.1,172.8,2.9,1.12,96.3,premium,0.871,71.70000000000002
GC-0390,46.07,12.66,10.72,25.36,5.2,0.7562,7.29,103.6,169.8,1.4,1.06,90.4,mid,0.55,66.20000000000002
GC-0391,46.58,7.14,10.13,24.59,11.56,0.7594,9.71,96.3,155.9,28.6,0.8,92.1,mid,0.528,59.60000000000001
GC-0392,45.65,7.05,10.7,26.15,10.45,0.764,7.11,107.9,175.4,3.3,0.68,97.5,premium,0.573,67.5
GC-0393,42.65,8.14,9.1,31.05,9.06,0.7496,8.9,88.7,157.7,7.4,0.76,96.0,premium,0.728,68.99999999999999
GC-0394,40.61,6.86,13.36,32.15,7.02,0.7262,7.91,71.7,151.7,8.8,1.19,96.8,premium,0.792,79.99999999999999
GC-0395,55.48,5.11,6.77,23.83,8.81,0.7215,7.56,101.4,164.2,12.9,0.73,87.5,regular,0.43,62.79999999999998
GC-0396,44.97,17.71,10.47,20.76,6.09,0.6919,9.47,117.8,135.5,20.5,0.82,88.3,mid,0.462,17.700000000000003
GC-0397,58.55,8.57,6.53,18.04,8.32,0.7338,10.84,98.3,155.1,58.7,1.28,87.2,regular,0.308,56.8
GC-0398,55.63,9.8,7.63,21.95,4.99,0.7499,10.0,99.4,152.9,9.4,0.86,85.9,regular,0.395,53.5
GC-0399,51.27,8.38,5.23,29.08,6.04,0.7498,10.48,105.1,157.2,36.5,1.02,86.3,regular,0.567,52.099999999999994
GC-0400,41.3,8.41,13.35,29.14,7.8,0.7077,10.37,120.6,146.9,12.5,1.09,95.2,premium,0.706,26.30000000000001
GC-0401,64.2,10.72,8.18,13.13,3.77,0.7486,10.25,97.8,164.3,31.0,0.44,84.0,regular,0.205,66.50000000000001
GC-0402,46.86,14.17,10.19,22.02,6.77,0.715,9.21,102.3,164.6,9.4,0.8,87.5,mid,0.47,62.3
GC-0403,53.82,7.26,6.58,24.01,8.33,0.7709,9.13,117.4,190.8,1.8,0.83,87.9,regular,0.446,73.4
GC-0404,51.66,12.75,7.44,22.86,5.29,0.7395,10.81,101.8,169.4,3.2,0.72,85.7,regular,0.443,67.60000000000001
GC-0405,49.49,10.54,8.1,23.58,8.29,0.7561,8.1,100.6,149.9,1.1,1.11,89.9,mid,0.476,49.30000000000001
GC-0406,49.29,9.85,11.33,24.69,4.83,0.7201,12.51,96.7,169.7,7.3,0.8,89.3,mid,0.501,72.99999999999999
GC-0407,51.93,14.7,8.56,18.44,6.37,0.727,9.92,99.5,147.6,0.2,0.84,87.2,mid,0.355,48.099999999999994
GC-0408,39.43,6.81,11.95,33.19,8.62,0.7687,9.87,95.5,153.3,3.6,0.63,96.5,premium,0.842,57.80000000000001
GC-0409,35.13,10.36,11.48,34.12,8.9,0.738,10.48,87.8,166.3,24.5,0.54,95.9,premium,0.971,78.50000000000001
GC-0410,54.86,7.43,11.46,19.77,6.47,0.753,7.68,114.0,145.1,12.9,0.63,90.8,mid,0.36,31.099999999999994
GC-0411,57.69,8.4,3.62,22.73,7.56,0.7492,9.34,92.1,139.1,12.6,0.69,84.3,regular,0.394,47.0
GC-0412,51.26,7.93,5.32,25.17,10.32,0.7096,9.65,106.2,151.2,4.4,0.7,89.4,mid,0.491,44.999999999999986
GC-0413,39.47,13.43,7.53,32.38,7.2,0.7545,9.09,107.6,154.1,21.7,0.89,97.1,premium,0.82,46.5
GC-0414,57.48,13.25,3.66,19.4,6.21,0.6891,10.98,101.7,166.7,17.7,0.66,85.1,regular,0.338,64.99999999999999
GC-0415,43.0,14.55,10.48,20.88,11.08,0.7535,8.6,92.0,162.5,9.0,1.03,91.3,mid,0.486,70.5
GC-0416,48.14,8.54,10.35,26.77,6.2,0.7532,8.4,108.2,151.8,8.1,0.6,90.1,mid,0.556,43.60000000000001
GC-0417,59.84,12.69,10.84,15.39,1.23,0.7492,9.43,92.3,177.5,20.5,1.13,84.0,regular,0.257,85.2
GC-0418,53.06,13.28,10.09,21.77,1.8,0.7475,9.77,96.2,176.7,0.2,0.47,87.4,regular,0.41,80.49999999999999
GC-0419,61.49,6.1,9.91,16.61,5.88,0.7565,10.84,111.2,152.1,5.2,1.27,86.2,regular,0.27,40.89999999999999
GC-0420,53.75,10.18,4.0,26.32,5.75,0.7204,9.43,102.6,147.7,8.6,0.75,87.5,regular,0.49,45.099999999999994
GC-0421,59.76,9.74,11.79,14.23,4.47,0.7364,11.06,90.2,153.2,12.4,1.13,84.0,regular,0.238,62.999999999999986
GC-0422,55.34,5.83,9.71,20.01,9.11,0.7363,7.49,90.2,155.5,5.0,0.71,90.2,mid,0.362,65.3
GC-0423,42.55,7.15,10.6,30.95,8.75,0.735,7.19,110.0,146.5,9.1,0.72,96.7,premium,0.727,36.5
GC-0424,39.81,14.43,8.8,28.66,8.3,0.744,7.76,84.0,154.8,5.0,0.21,92.8,mid,0.72,70.80000000000001
GC-0425,39.09,7.55,11.26,34.11,7.98,0.6915,7.06,106.4,172.1,8.3,0.43,96.1,premium,0.873,65.69999999999999
GC-0426,36.39,8.11,15.76,32.34,7.4,0.7771,9.67,100.2,152.1,3.6,0.96,96.3,premium,0.889,51.89999999999999
GC-0427,52.11,9.67,10.18,21.75,6.28,0.7184,9.57,96.4,140.5,8.9,0.59,87.7,mid,0.417,44.099999999999994
GC-0428,54.47,14.91,4.93,21.3,4.39,0.7439,9.09,91.9,147.1,3.0,0.33,84.9,regular,0.391,55.19999999999999
GC-0429,47.48,11.64,10.3,21.86,8.72,0.7133,8.57,105.9,149.9,4.6,0.59,89.5,mid,0.46,44.0
GC-0430,57.96,13.99,7.86,16.01,4.19,0.7556,8.74,75.9,138.1,3.3,0.67,84.0,regular,0.276,62.19999999999999
GC-0431,52.14,15.48,9.52,23.08,-0.22,0.726,7.57,95.8,143.1,36.3,0.4,84.4,regular,0.443,47.3
GC-0432,42.2,12.09,12.34,27.3,6.08,0.7602,6.88,110.9,157.7,2.1,0.54,95.9,premium,0.647,46.79999999999998
GC-0433,30.86,7.37,12.28,39.32,10.16,0.7478,10.24,100.9,151.2,21.6,0.69,98.1,premium,1.274,50.29999999999998
GC-0434,43.97,0.17,11.05,40.43,4.38,0.7607,9.06,106.0,167.9,15.4,0.76,97.0,premium,0.919,61.900000000000006
GC-0435,62.8,8.48,5.24,19.69,3.79,0.7642,5.63,115.8,153.9,26.4,0.85,84.5,regular,0.314,38.10000000000001
GC-0436,37.38,10.04,14.21,33.3,5.07,0.7379,7.82,92.2,187.0,36.4,1.06,94.5,premium,0.891,94.8
GC-0437,55.06,12.84,9.25,19.08,3.78,0.7523,5.62,93.3,148.3,24.6,0.54,86.4,regular,0.347,55.000000000000014
GC-0438,47.45,9.34,11.7,25.47,6.03,0.7724,9.69,113.0,151.3,62.3,0.8,90.1,mid,0.537,38.30000000000001
GC-0439,62.48,10.1,10.15,14.73,2.54,0.7298,10.09,117.0,125.3,16.3,0.65,85.6,regular,0.236,8.299999999999997
GC-0440,48.07,12.63,7.5,25.71,6.1,0.741,6.24,68.8,163.1,4.3,0.72,90.3,mid,0.535,94.3
GC-0441,45.38,7.87,10.06,30.21,6.47,0.7157,8.99,95.2,143.2,8.5,0.6,94.8,premium,0.666,47.999999999999986
GC-0442,45.87,10.2,6.98,26.57,10.37,0.7643,8.43,115.1,192.8,0.3,0.73,90.3,mid,0.579,77.70000000000002
GC-0443,41.64,13.24,10.77,27.84,6.51,0.7632,9.48,85.6,170.3,1.0,0.74,89.9,mid,0.669,84.70000000000002
GC-0444,43.37,7.25,13.09,31.24,5.06,0.7317,10.29,101.5,161.4,31.7,0.49,95.0,premium,0.72,59.900000000000006
GC-0445,49.44,11.1,9.11,22.71,7.65,0.7799,8.32,99.5,141.2,20.1,0.9,89.6,mid,0.459,41.69999999999999
GC-0446,50.02,10.48,8.59,24.48,6.43,0.7565,8.56,85.4,180.0,1.6,0.97,90.2,mid,0.489,94.6
GC-0447,37.8,9.48,11.96,36.69,4.08,0.772,9.84,117.7,141.7,18.0,0.75,95.4,premium,0.971,23.999999999999986
GC-0448,44.36,3.24,12.52,34.65,5.23,0.7575,8.41,102.4,163.7,22.1,0.8,94.9,premium,0.781,61.29999999999998
GC-0449,51.37,13.13,11.76,19.88,3.87,0.7433,10.12,100.4,124.2,13.9,0.61,86.6,regular,0.387,23.799999999999997
GC-0450,56.24,10.28,8.21,18.71,6.56,0.7502,9.08,88.8,151.4,7.8,0.58,87.7,mid,0.333,62.60000000000001
GC-0451,55.76,16.82,7.16,17.54,2.73,0.7636,12.0,102.9,162.1,36.5,0.68,84.5,regular,0.315,59.19999999999999
GC-0452,38.91,8.06,12.82,31.79,8.42,0.751,12.53,94.5,165.6,8.5,1.06,94.3,premium,0.817,71.1
GC-0453,34.28,9.74,13.56,33.87,8.55,0.7472,9.48,97.8,165.8,35.1,0.97,97.3,premium,0.988,68.00000000000001
GC-0454,53.46,8.38,8.53,26.18,3.45,0.6919,6.95,88.9,161.5,0.4,0.9,86.0,regular,0.49,72.6
GC-0455,45.23,11.92,10.23,23.22,9.41,0.7151,9.78,130.9,164.2,5.0,0.68,92.5,mid,0.513,33.29999999999998
GC-0456,63.85,9.42,9.06,12.45,5.22,0.7468,6.52,94.9,174.5,0.5,0.6,84.0,regular,0.195,79.6
GC-0457,34.68,9.98,12.32,35.57,7.44,0.7088,13.25,96.1,162.8,3.2,1.01,98.9,premium,1.026,66.70000000000002
GC-0458,60.41,9.23,10.38,13.39,6.59,0.7145,10.02,100.5,184.0,10.1,0.54,85.6,regular,0.222,83.5
GC-0459,48.5,5.13,14.34,25.06,6.97,0.7399,8.11,87.4,162.5,21.4,0.89,90.4,mid,0.517,75.1
GC-0460,37.93,13.43,7.48,31.01,10.15,0.6932,7.06,103.3,164.4,15.0,1.0,96.4,premium,0.818,61.10000000000001
GC-0461,52.37,13.31,8.45,17.41,8.46,0.7372,7.74,118.3,169.0,5.9,0.62,84.9,regular,0.332,50.7
GC-0462,44.28,5.26,11.82,29.33,9.31,0.7754,6.42,88.0,169.9,52.9,0.47,92.3,mid,0.662,81.9
GC-0463,51.01,18.81,5.09,19.88,5.22,0.7026,9.62,91.1,169.4,17.6,0.39,87.3,regular,0.39,78.30000000000001
GC-0464,43.38,8.49,10.54,32.61,4.99,0.7592,6.94,98.2,157.6,3.9,0.87,89.6,mid,0.752,59.39999999999999
GC-0465,55.48,9.12,5.17,24.39,5.85,0.7557,7.1,101.0,144.8,8.6,1.0,88.1,regular,0.44,43.80000000000001
GC-0466,38.96,4.59,13.23,37.68,5.54,0.7354,6.91,85.5,176.5,15.8,0.69,97.0,premium,0.967,91.0
GC-0467,51.09,8.08,4.81,25.25,10.76,0.7002,7.99,98.2,143.5,10.3,1.3,90.4,mid,0.494,45.3
GC-0468,45.1,10.68,11.34,25.43,7.45,0.7192,10.63,102.1,154.0,16.6,0.95,88.7,mid,0.564,51.900000000000006
GC-0469,47.94,6.69,9.59,26.94,8.83,0.7451,7.65,94.3,172.7,4.1,0.83,89.0,mid,0.562,78.39999999999999
GC-0470,37.34,7.67,12.96,31.19,10.85,0.7542,8.48,98.0,155.6,10.4,0.68,95.2,mid,0.835,57.599999999999994
GC-0471,47.05,10.52,10.28,26.36,5.8,0.7427,8.03,107.0,152.1,18.3,0.76,93.3,premium,0.56,45.099999999999994
GC-0472,49.69,16.2,8.58,19.13,6.4,0.7579,9.9,108.0,148.5,19.1,0.9,91.7,mid,0.385,40.5
GC-0473,48.85,9.13,7.9,26.31,7.81,0.7491,9.35,110.1,178.2,7.5,1.4,88.8,mid,0.539,68.1
GC-0474,45.65,9.59,12.33,24.66,7.77,0.7155,9.46,87.6,155.7,16.6,0.99,91.3,mid,0.54,68.1
GC-0475,54.21,17.61,7.61,18.13,2.43,0.7018,8.18,111.0,157.2,12.5,0.94,84.1,regular,0.334,46.19999999999999
GC-0476,42.82,12.13,10.4,28.05,6.6,0.7732,6.55,109.7,158.3,14.6,0.71,90.6,mid,0.655,48.60000000000001
GC-0477,62.21,12.21,7.49,14.06,4.03,0.743,11.94,93.8,144.6,13.4,1.05,84.0,regular,0.226,50.8
GC-0478,41.53,6.75,15.17,28.81,7.74,0.7513,5.64,100.1,172.9,17.7,0.4,96.8,premium,0.694,72.80000000000001
GC-0479,41.74,5.39,12.72,29.67,10.48,0.7708,9.72,123.2,169.1,9.9,0.85,99.1,premium,0.711,45.89999999999999
GC-0480,41.64,4.98,10.58,33.02,9.78,0.7428,7.75,117.4,143.9,4.9,1.19,97.2,premium,0.793,26.5
GC-0481,41.15,11.15,10.46,29.6,7.64,0.7445,11.37,87.0,150.1,8.9,0.88,94.9,premium,0.719,63.099999999999994
GC-0482,45.94,10.76,10.08,26.73,6.49,0.7908,10.06,102.3,169.4,1.2,0.47,91.8,mid,0.582,67.10000000000001
GC-0483,56.26,8.7,10.36,19.49,5.18,0.7226,10.6,90.5,166.8,17.5,0.74,88.0,mid,0.346,76.30000000000001
GC-0484,53.33,10.12,10.45,23.38,2.71,0.7246,10.43,112.7,138.4,7.1,1.05,85.6,regular,0.438,25.700000000000003
GC-0485,52.74,16.68,5.73,22.31,2.54,0.7406,9.03,71.7,177.4,0.5,0.8,84.1,regular,0.423,105.7
GC-0486,54.34,14.87,11.55,17.25,1.99,0.7573,8.27,93.8,149.2,1.7,0.7,85.9,regular,0.317,55.39999999999999
GC-0487,41.13,10.8,9.83,33.18,5.06,0.7012,10.34,86.9,133.4,19.5,1.14,95.2,premium,0.807,46.5
GC-0488,42.94,11.09,8.93,29.15,7.89,0.7212,7.6,115.3,162.9,8.7,1.12,97.4,premium,0.679,47.60000000000001
GC-0489,57.09,10.72,9.5,19.98,2.71,0.7596,10.0,99.6,131.6,8.2,0.37,84.8,regular,0.35,32.0
GC-0490,60.18,8.66,11.49,17.09,2.58,0.7595,12.08,105.8,183.7,0.7,0.44,84.2,regular,0.284,77.89999999999999
GC-0491,63.73,6.21,6.77,21.54,1.73,0.7183,8.53,114.2,160.3,8.7,1.16,84.0,regular,0.338,46.10000000000001
GC-0492,40.94,2.98,12.19,33.68,10.2,0.7225,8.32,112.8,175.7,8.0,0.79,96.2,premium,0.823,62.89999999999999
GC-0493,52.92,6.77,13.79,21.13,5.39,0.7532,8.33,103.7,167.4,2.8,0.96,89.0,mid,0.399,63.7
GC-0494,53.43,6.6,8.68,26.2,5.1,0.7619,5.66,96.0,171.4,2.7,0.88,87.0,mid,0.49,75.4
GC-0495,56.63,9.02,8.52,20.53,5.29,0.7807,9.54,97.2,164.0,0.6,0.69,85.0,regular,0.363,66.8
GC-0496,54.3,17.73,5.98,18.21,3.78,0.7484,9.05,109.1,172.2,18.5,1.07,84.0,regular,0.335,63.099999999999994
GC-0497,61.31,9.39,7.74,14.9,6.66,0.7686,8.66,104.5,174.8,3.9,0.52,85.4,regular,0.243,70.30000000000001
GC-0498,52.65,10.02,7.09,25.11,5.13,0.729,8.08,102.9,161.9,6.8,1.03,87.0,regular,0.477,59.0
GC-0499,42.83,4.6,15.61,27.89,9.07,0.737,11.32,91.8,193.1,33.7,1.17,94.6,premium,0.651,101.3
GC-0500,40.43,3.77,11.18,37.22,7.4,0.7091,8.19,111.2,140.8,1.7,1.02,96.7,premium,0.921,29.60000000000001
GC-0501,38.92,6.58,11.29,36.01,7.2,0.746,8.14,109.7,169.4,7.6,0.45,98.3,premium,0.925,59.7
GC-0502,42.86,15.71,11.24,24.09,6.1,0.7007,6.4,119.0,183.6,17.4,0.63,89.4,mid,0.562,64.6
GC-0503,44.92,3.88,8.73,38.26,4.21,0.7326,8.31,103.1,149.8,16.2,0.75,95.0,premium,0.852,46.70000000000002
GC-0504,52.06,9.82,10.57,23.33,4.21,0.7467,7.1,104.4,185.5,22.1,0.79,89.6,mid,0.448,81.1
GC-0505,44.37,15.61,12.28,21.91,5.82,0.7033,9.39,91.2,164.4,16.0,0.69,88.9,mid,0.494,73.2
GC-0506,39.51,8.44,11.3,35.24,5.51,0.7272,9.07,105.3,150.2,18.2,0.69,95.7,premium,0.892,44.89999999999999
GC-0507,48.42,9.2,9.15,26.09,7.15,0.7514,7.71,85.8,135.0,22.9,0.61,88.3,mid,0.539,49.2
GC-0508,48.57,12.2,8.92,20.26,10.04,0.73,8.9,114.1,174.3,5.1,0.38,88.4,regular,0.417,60.20000000000002
GC-0509,52.37,10.13,8.0,22.75,6.75,0.7073,7.44,94.8,141.3,5.7,0.45,86.5,regular,0.434,46.500000000000014
GC-0510,47.96,10.84,8.8,28.11,4.29,0.7326,8.77,96.5,155.1,21.5,0.7,88.8,mid,0.586,58.599999999999994
GC-0511,45.9,15.4,14.11,21.79,2.81,0.7523,9.58,97.2,171.3,12.0,0.53,85.4,regular,0.475,74.10000000000001
GC-0512,46.59,5.73,10.3,30.8,6.58,0.7438,11.73,104.3,168.1,2.5,1.17,89.8,mid,0.661,63.8
GC-0513,34.55,5.78,10.81,38.26,10.6,0.7146,11.68,95.8,169.1,59.5,1.18,98.4,premium,1.107,73.3
GC-0514,54.81,13.07,6.3,24.06,1.76,0.7658,9.89,125.4,161.0,8.2,1.31,84.2,regular,0.439,35.599999999999994
GC-0515,56.9,6.48,7.28,23.6,5.74,0.731,9.3,105.8,150.1,27.6,1.26,86.2,regular,0.415,44.3
GC-0516,55.55,12.19,8.25,21.31,2.69,0.7302,7.64,82.0,111.2,4.7,1.16,84.6,regular,0.384,29.200000000000003
GC-0517,48.19,17.04,9.67,18.75,6.36,0.718,8.98,90.2,169.8,8.7,0.77,87.1,regular,0.389,79.60000000000001
GC-0518,39.56,10.12,11.25,32.71,6.36,0.7388,4.52,89.1,168.7,12.1,0.95,96.4,premium,0.827,79.6
GC-0519,54.17,11.2,8.91,21.07,4.64,0.7609,9.69,86.2,163.3,5.7,0.88,85.3,regular,0.389,77.10000000000001
GC-0520,51.8,14.77,8.08,20.86,4.49,0.6829,8.54,115.4,167.8,1.8,1.18,87.0,regular,0.403,52.400000000000006
GC-0521,49.24,9.09,9.92,28.78,2.98,0.748,6.82,105.2,119.9,2.8,1.07,86.6,regular,0.584,14.700000000000003
GC-0522,54.96,12.84,7.68,22.98,1.54,0.7242,10.38,106.9,170.9,9.0,1.29,85.3,regular,0.418,64.0
GC-0523,39.82,9.76,12.22,34.67,3.52,0.7412,6.57,90.9,128.1,59.2,0.6,97.0,premium,0.871,37.19999999999999
GC-0524,47.72,17.64,9.41,22.32,2.91,0.7251,7.94,96.5,155.9,13.3,0.7,85.3,regular,0.468,59.400000000000006
GC-0525,59.31,8.01,8.96,21.68,2.04,0.7519,7.3,87.6,155.1,17.5,1.13,84.0,regular,0.366,67.5
GC-0526,53.25,13.29,9.67,20.34,3.45,0.7383,9.57,90.5,167.0,6.0,0.76,86.1,regular,0.382,76.5
GC-0527,43.31,10.6,12.55,28.77,4.77,0.7311,6.41,101.1,158.6,18.3,0.87,94.5,premium,0.664,57.5
GC-0528,45.5,10.62,10.01,26.11,7.76,0.7435,6.64,100.8,167.2,2.2,0.65,90.2,mid,0.574,66.39999999999999
GC-0529,49.94,12.72,10.22,21.41,5.71,0.7555,9.27,91.3,151.2,15.8,1.1,87.7,mid,0.429,59.89999999999999
GC-0530,55.78,10.82,8.83,17.8,6.78,0.7349,10.82,76.1,159.3,22.8,0.68,84.7,regular,0.319,83.20000000000002
GC-0531,49.9,10.36,9.74,22.83,7.17,0.7234,8.4,99.2,175.0,31.6,1.32,90.8,mid,0.458,75.8
GC-0532,40.2,4.36,13.9,34.16,7.37,0.7088,9.38,93.0,134.2,17.1,0.33,94.9,premium,0.85,41.19999999999999
GC-0533,56.48,12.25,6.59,19.6,5.08,0.7392,10.55,108.2,161.2,34.5,0.29,86.1,regular,0.347,52.999999999999986
GC-0534,56.6,7.97,6.84,24.16,4.43,0.7301,8.27,89.7,158.6,21.9,0.75,86.1,regular,0.427,68.89999999999999
GC-0535,40.45,3.61,14.66,32.82,8.46,0.7582,9.67,100.0,159.8,35.7,0.89,98.0,premium,0.811,59.80000000000001
GC-0536,53.8,10.38,5.44,20.24,10.14,0.7485,8.75,88.1,185.2,4.3,0.55,89.9,mid,0.376,97.1
GC-0537,46.95,12.99,9.51,23.54,7.02,0.7095,10.07,95.8,170.6,17.4,0.47,88.3,mid,0.501,74.8
GC-0538,58.18,7.11,6.58,22.05,6.08,0.7218,10.75,103.7,135.4,4.6,0.64,88.1,regular,0.379,31.700000000000003
GC-0539,46.07,5.77,12.88,28.23,7.05,0.7115,8.32,81.8,177.8,8.9,0.37,90.1,mid,0.613,96.00000000000001
GC-0540,55.71,11.44,9.97,18.08,4.81,0.7378,11.65,105.0,151.7,25.0,0.58,88.3,regular,0.325,46.69999999999999
GC-0541,42.63,4.93,10.96,32.33,9.16,0.7303,9.69,83.7,175.9,13.2,0.63,98.0,premium,0.758,92.2
GC-0542,58.45,12.08,5.87,16.33,7.26,0.7338,9.67,101.0,148.1,12.8,1.54,85.3,regular,0.279,47.099999999999994
GC-0543,37.96,11.01,10.57,28.91,11.55,0.7247,9.01,108.5,169.3,5.1,0.55,96.8,premium,0.762,60.80000000000001
GC-0544,42.65,7.16,12.49,30.16,7.54,0.7391,7.82,107.1,174.9,19.3,0.71,93.4,premium,0.707,67.80000000000001
GC-0545,51.24,7.31,9.49,25.95,6.01,0.696,7.68,99.5,163.2,1.3,0.85,90.1,mid,0.506,63.69999999999999
GC-0546,51.04,6.04,7.19,29.17,6.57,0.7403,9.35,91.6,150.6,2.9,0.57,88.7,mid,0.572,59.0
GC-0547,40.34,10.23,10.47,31.3,7.66,0.7455,12.06,105.7,168.9,2.0,0.45,95.7,premium,0.776,63.2
GC-0548,54.17,13.42,4.78,22.78,4.85,0.7255,7.65,95.9,153.5,16.1,1.04,86.7,regular,0.421,57.599999999999994
GC-0549,51.14,-0.05,10.31,29.12,9.47,0.7301,11.57,89.7,155.9,10.6,0.78,91.2,mid,0.569,66.2
GC-0550,37.64,8.26,9.36,33.54,11.2,0.7336,10.66,96.9,179.4,18.5,0.41,97.1,premium,0.891,82.5
GC-0551,53.46,4.43,8.79,24.22,9.09,0.7196,6.59,91.7,141.2,7.9,0.83,88.4,mid,0.453,49.499999999999986
GC-0552,44.07,7.2,9.72,31.53,7.47,0.7281,8.36,105.9,163.5,16.1,0.84,95.4,premium,0.715,57.599999999999994
GC-0553,43.69,9.49,9.22,31.44,6.15,0.7424,7.96,101.1,195.6,25.5,0.9,90.5,mid,0.72,94.5
GC-0554,51.85,8.51,9.87,23.98,5.79,0.7353,9.59,91.6,143.1,3.6,0.35,87.5,regular,0.462,51.5
GC-0555,45.86,9.89,12.08,22.86,9.3,0.7186,10.68,97.2,152.5,26.7,0.8,91.4,mid,0.498,55.3
GC-0556,59.16,11.16,6.56,17.64,5.48,0.7505,9.08,100.8,168.9,14.8,1.23,84.8,regular,0.298,68.10000000000001
GC-0557,44.64,13.86,9.27,22.43,9.8,0.7357,10.88,109.8,198.5,0.6,1.14,87.8,mid,0.502,88.7
GC-0558,51.62,15.27,10.21,17.91,4.99,0.7299,10.57,116.0,149.5,33.6,0.87,85.2,regular,0.347,33.5
GC-0559,57.25,6.71,10.8,20.27,4.96,0.7471,9.68,83.7,168.3,26.1,0.8,86.0,regular,0.354,84.60000000000001
GC-0560,52.65,14.82,5.08,20.58,6.87,0.7535,4.82,111.0,160.4,16.2,0.72,85.9,regular,0.391,49.400000000000006
GC-0561,47.33,13.91,6.47,25.96,6.32,0.7014,9.92,108.8,180.1,6.1,1.02,88.8,mid,0.548,71.3
GC-0562,51.8,8.8,9.6,20.29,9.51,0.7507,8.1,88.9,131.9,10.9,0.74,87.9,mid,0.392,43.0
GC-0563,59.7,11.78,11.22,15.03,2.28,0.7387,13.08,83.4,169.3,6.9,0.73,84.0,regular,0.252,85.9
GC-0564,54.72,8.28,9.82,19.95,7.22,0.7014,10.64,79.9,132.0,18.6,0.52,86.6,regular,0.365,52.099999999999994
GC-0565,52.08,15.14,6.6,20.46,5.72,0.7307,8.43,97.0,135.2,0.5,1.2,86.9,regular,0.393,38.19999999999999
GC-0566,32.84,13.0,13.15,32.22,8.79,0.7045,7.93,93.1,166.2,7.5,0.96,97.8,premium,0.981,73.1
GC-0567,44.6,10.42,10.1,28.08,6.8,0.6941,9.45,108.3,170.5,21.6,0.54,92.1,mid,0.63,62.2
GC-0568,60.93,6.16,7.6,17.65,7.65,0.7194,7.22,119.9,159.7,18.2,0.57,85.2,regular,0.29,39.79999999999998
GC-0569,49.18,12.88,13.21,18.62,6.11,0.726,9.62,92.4,153.3,25.0,1.02,89.7,mid,0.379,60.900000000000006
GC-0570,36.24,15.91,15.87,24.68,7.29,0.7285,12.13,95.7,156.5,49.0,1.06,97.7,premium,0.681,60.8
GC-0571,47.0,10.33,8.65,26.66,7.36,0.7796,9.96,97.9,129.7,14.4,0.41,89.5,mid,0.567,31.799999999999983
GC-0572,40.35,14.05,12.93,26.48,6.19,0.7068,12.04,120.6,143.2,10.3,0.8,93.1,premium,0.656,22.599999999999994
GC-0573,55.05,13.27,8.38,16.75,6.55,0.7481,8.83,103.2,164.3,2.8,0.52,86.3,regular,0.304,61.10000000000001
GC-0574,55.65,12.72,8.12,19.49,4.02,0.7676,8.98,99.2,146.0,16.9,0.73,85.5,regular,0.35,46.8
GC-0575,40.54,9.77,11.64,30.38,7.67,0.7417,9.32,106.3,161.5,8.8,0.62,95.2,premium,0.749,55.2
GC-0576,45.04,6.9,8.94,31.09,8.02,0.7434,8.51,99.3,166.5,36.3,0.2,96.1,premium,0.69,67.2
GC-0577,39.91,13.74,11.66,27.78,6.91,0.7348,10.3,98.3,185.7,2.0,0.78,95.8,premium,0.696,87.39999999999999
GC-0578,43.15,7.63,11.76,31.45,6.01,0.765,10.63,110.7,159.0,37.0,1.37,94.0,premium,0.729,48.3
GC-0579,46.06,10.44,10.87,27.75,4.88,0.7606,7.88,88.5,148.5,2.8,0.66,90.5,mid,0.602,60.0
GC-0580,43.84,14.06,8.95,26.11,7.04,0.7381,7.91,95.5,144.9,11.1,0.46,90.3,mid,0.596,49.400000000000006
GC-0581,56.64,7.8,7.67,21.59,6.3,0.737,7.84,100.9,162.6,1.4,0.94,88.1,mid,0.381,61.69999999999999
GC-0582,50.48,8.73,12.18,24.75,3.86,0.7855,9.93,100.9,155.9,10.2,0.66,90.5,mid,0.49,55.0
GC-0583,46.62,7.81,10.77,28.52,6.28,0.7141,7.77,113.2,145.7,6.9,0.53,94.8,premium,0.612,32.499999999999986
GC-0584,40.51,12.31,9.43,28.41,9.33,0.7579,7.08,97.1,150.7,24.9,0.47,96.0,premium,0.701,53.599999999999994
GC-0585,42.71,13.44,7.77,28.58,7.49,0.7796,8.33,112.1,162.2,21.5,0.97,89.7,mid,0.669,50.099999999999994
GC-0586,46.77,11.73,8.72,25.38,7.4,0.7359,9.32,119.7,155.6,3.2,1.16,90.3,mid,0.543,35.89999999999999
GC-0587,57.41,10.95,7.35,18.0,6.29,0.7563,7.41,109.8,156.4,5.3,0.24,85.9,regular,0.314,46.60000000000001
GC-0588,51.66,8.79,6.32,26.39,6.84,0.7687,7.66,69.7,167.7,5.4,0.27,88.6,mid,0.511,97.99999999999999
GC-0589,55.17,12.12,5.98,23.8,2.93,0.7632,10.17,99.2,145.2,1.1,0.35,85.5,regular,0.431,45.999999999999986
GC-0590,43.69,10.61,8.6,28.9,8.21,0.7375,7.91,109.4,156.6,26.5,1.15,91.7,mid,0.661,47.19999999999999
GC-0591,44.75,5.46,10.37,28.92,10.51,0.7236,9.81,97.5,154.3,7.2,0.62,94.8,premium,0.646,56.80000000000001
GC-0592,42.68,5.46,15.39,31.97,4.5,0.7472,9.51,97.1,149.7,30.8,0.38,93.9,premium,0.749,52.599999999999994
GC-0593,51.52,6.31,12.05,23.44,6.67,0.7292,5.75,107.0,165.2,3.5,0.63,90.1,mid,0.455,58.19999999999999
GC-0594,57.2,15.5,5.33,21.5,0.48,0.7325,9.74,89.3,153.7,8.4,0.1,84.0,regular,0.376,64.39999999999999
GC-0595,39.26,3.42,12.42,37.49,7.41,0.7226,8.88,84.7,171.8,2.6,1.32,97.4,premium,0.955,87.10000000000001
GC-0596,58.54,12.9,9.57,17.0,1.98,0.7757,6.57,90.5,169.2,16.7,0.85,84.3,regular,0.29,78.69999999999999
GC-0597,56.48,11.04,7.19,21.08,4.21,0.7805,7.66,87.5,165.6,6.4,0.67,86.5,regular,0.373,78.1
GC-0598,46.03,12.34,7.22,26.5,7.91,0.7409,10.78,103.1,163.1,11.5,0.66,90.3,regular,0.576,60.0
GC-0599,58.2,7.11,7.64,22.95,4.1,0.7372,8.21,112.5,146.0,20.4,0.91,86.7,regular,0.394,33.5
GC-0600,56.82,12.81,10.99,16.0,3.37,0.7694,9.57,94.1,137.7,7.1,0.61,84.6,regular,0.282,43.599999999999994
GC-0601,46.71,8.68,10.57,27.61,6.44,0.7425,8.44,106.4,168.4,10.2,1.0,90.7,mid,0.591,62.0
GC-0602,43.96,11.13,9.55,26.73,8.63,0.7446,8.63,86.6,157.4,20.3,0.6,91.0,mid,0.608,70.80000000000001
GC-0603,63.05,7.3,6.15,19.57,3.92,0.7151,10.44,99.6,154.9,0.3,0.87,84.7,regular,0.31,55.30000000000001
GC-0604,43.31,13.08,7.22,28.89,7.51,0.7567,8.03,90.9,152.6,3.8,0.6,91.3,regular,0.667,61.69999999999999
GC-0605,50.99,10.22,11.01,20.32,7.46,0.7228,7.67,107.1,145.5,22.9,1.36,90.3,mid,0.399,38.400000000000006
GC-0606,54.38,11.3,5.92,23.04,5.36,0.7246,9.15,79.3,163.3,9.0,1.19,86.2,regular,0.424,84.00000000000001
GC-0607,61.91,9.13,4.76,18.68,5.52,0.7095,9.44,102.2,185.1,24.8,0.6,85.9,regular,0.302,82.89999999999999
GC-0608,45.95,6.66,15.1,25.25,7.04,0.7447,8.37,106.3,158.4,10.4,0.34,93.0,premium,0.55,52.10000000000001
GC-0609,49.63,10.09,9.58,22.35,8.34,0.7272,9.63,94.4,152.1,2.0,0.92,87.3,regular,0.45,57.69999999999999
GC-0610,41.31,11.11,10.66,28.84,8.08,0.7577,10.52,106.5,157.1,1.7,0.96,90.3,mid,0.698,50.599999999999994
GC-0611,46.73,12.76,8.63,22.92,8.96,0.7515,7.16,105.5,150.1,6.2,0.71,90.3,mid,0.49,44.599999999999994
GC-0612,36.46,15.74,8.49,27.83,11.48,0.7227,9.1,107.1,156.6,3.6,0.84,98.2,premium,0.763,49.5
GC-0613,49.7,10.78,10.96,19.42,9.14,0.7189,11.7,96.5,155.8,16.9,1.23,89.6,mid,0.391,59.30000000000001
GC-0614,42.35,5.1,12.43,30.51,9.61,0.7727,5.76,93.7,179.5,20.9,0.38,96.9,premium,0.72,85.8
GC-0615,45.9,5.5,9.36,29.57,9.67,0.7205,11.61,108.2,146.3,25.0,1.11,91.7,mid,0.644,38.10000000000001
GC-0616,50.43,15.48,7.49,25.1,1.51,0.7411,10.61,102.2,147.6,12.3,0.79,88.0,regular,0.498,45.39999999999999
GC-0617,54.2,11.06,9.21,19.51,6.02,0.729,7.75,82.8,161.8,3.5,0.56,87.0,regular,0.36,79.00000000000001
GC-0618,57.01,16.57,6.48,11.8,8.14,0.7593,10.08,103.2,152.2,5.3,0.95,84.0,regular,0.207,48.999999999999986
GC-0619,41.57,10.0,11.66,27.64,9.14,0.7197,8.45,108.2,161.7,7.5,0.99,96.1,premium,0.665,53.499999999999986
GC-0620,58.12,9.75,13.42,14.38,4.33,0.7597,9.97,123.1,158.2,114.2,0.54,84.8,regular,0.247,35.099999999999994
GC-0621,40.76,7.38,12.43,29.41,10.02,0.7147,10.45,91.9,142.3,4.7,0.1,96.6,premium,0.722,50.400000000000006
GC-0622,51.23,6.98,13.28,22.47,6.04,0.7241,10.15,111.7,167.2,12.7,0.37,90.2,mid,0.439,55.499999999999986
GC-0623,40.45,16.84,11.92,24.05,6.74,0.7382,7.97,99.4,139.6,26.6,0.84,90.0,mid,0.595,40.19999999999999
GC-0624,61.7,7.7,10.51,13.36,6.73,0.7664,8.5,79.9,157.2,29.2,0.85,84.4,regular,0.217,77.29999999999998
GC-0625,42.35,10.47,11.7,29.01,6.46,0.7295,12.61,112.6,170.3,21.4,0.9,94.4,premium,0.685,57.70000000000002
GC-0626,44.24,8.39,8.07,31.53,7.77,0.7289,9.45,107.7,164.5,6.3,1.02,94.5,premium,0.713,56.8
GC-0627,43.64,2.83,11.5,30.71,11.33,0.7133,9.89,109.1,158.7,7.9,0.13,96.8,premium,0.704,49.599999999999994
GC-0628,54.93,9.55,11.94,18.73,4.84,0.7302,8.18,95.8,179.7,20.9,1.13,87.7,mid,0.341,83.89999999999999
GC-0629,50.37,13.42,8.25,22.31,5.65,0.7412,9.49,119.7,170.8,10.3,0.83,88.6,mid,0.443,51.10000000000001
GC-0630,39.13,12.81,11.33,29.94,6.78,0.7187,9.44,103.1,180.1,19.1,0.27,95.0,premium,0.765,77.0
GC-0631,57.01,12.37,10.73,16.27,3.61,0.6997,9.2,94.8,149.0,0.5,0.78,84.0,regular,0.285,54.2
GC-0632,59.27,8.83,7.76,20.08,4.06,0.7437,8.96,113.3,164.8,17.2,1.13,84.6,regular,0.339,51.500000000000014
GC-0633,43.26,4.06,10.94,31.96,9.78,0.7303,9.08,108.0,159.1,7.6,1.18,98.1,premium,0.739,51.099999999999994
GC-0634,39.13,10.46,11.07,32.48,6.85,0.7211,6.84,95.6,164.7,26.9,0.74,95.0,premium,0.83,69.1
GC-0635,43.37,16.25,10.99,23.12,6.27,0.7395,5.76,112.6,117.8,2.3,0.31,88.8,mid,0.533,5.200000000000003
GC-0636,50.39,16.17,5.27,21.51,6.66,0.7277,11.23,86.9,178.0,31.2,0.79,84.4,regular,0.427,91.1
GC-0637,56.62,9.12,7.47,21.45,5.35,0.7256,9.95,101.3,136.3,2.8,0.48,86.1,regular,0.379,35.000000000000014
GC-0638,51.31,14.46,7.05,21.83,5.35,0.7331,10.3,101.5,168.2,5.7,1.18,85.6,regular,0.425,66.69999999999999
GC-0639,47.67,7.87,13.16,25.69,5.61,0.7418,6.42,108.6,153.9,9.6,0.91,90.2,mid,0.539,45.30000000000001
GC-0640,43.79,10.25,10.34,31.35,4.27,0.7103,7.29,91.1,169.9,0.2,0.76,94.2,premium,0.716,78.80000000000001
GC-0641,50.41,9.45,9.91,21.45,8.78,0.7393,8.12,83.8,147.0,9.0,0.45,90.8,mid,0.426,63.2
GC-0642,31.14,15.49,11.65,31.25,10.48,0.7104,10.0,98.0,157.4,1.6,0.52,95.6,premium,1.004,59.400000000000006
GC-0643,46.61,6.29,9.28,31.9,5.93,0.7359,9.26,104.7,163.9,4.0,0.72,90.5,mid,0.684,59.2
GC-0644,42.58,8.23,11.48,24.55,13.15,0.7204,9.35,86.5,152.6,4.0,0.36,96.9,premium,0.577,66.1
GC-0645,49.34,11.9,8.25,25.33,5.18,0.7262,10.18,81.9,144.9,29.4,0.85,89.6,mid,0.513,63.0
GC-0646,55.71,15.28,9.57,20.09,-0.66,0.7558,13.02,95.8,150.0,25.8,0.9,84.0,regular,0.361,54.2
GC-0647,43.73,9.21,11.69,26.1,9.27,0.7653,6.5,83.8,179.2,35.2,0.1,90.7,mid,0.597,95.39999999999999
GC-0648,40.27,3.9,11.6,36.35,7.88,0.7531,7.48,108.6,155.3,55.7,0.72,97.3,premium,0.903,46.70000000000002
GC-0649,45.35,8.8,9.63,28.97,7.25,0.7408,12.31,87.0,159.5,4.9,0.68,96.4,premium,0.639,72.5
GC-0650,36.07,6.29,10.1,37.18,10.36,0.7305,7.98,107.4,164.5,26.2,0.76,98.2,premium,1.031,57.099999999999994
GC-0651,47.44,7.67,7.39,26.12,11.38,0.762,7.99,95.3,173.7,27.4,0.67,90.1,mid,0.551,78.39999999999999
GC-0652,54.99,4.14,11.03,21.09,8.75,0.7191,9.88,104.3,148.7,17.0,1.26,94.4,premium,0.384,44.39999999999999
GC-0653,43.29,9.99,10.54,27.0,9.17,0.7491,9.04,89.0,131.6,6.7,0.83,94.6,mid,0.624,42.599999999999994
GC-0654,50.5,10.1,9.88,24.38,5.14,0.729,8.97,93.5,140.7,17.8,0.58,87.1,mid,0.483,47.19999999999999
GC-0655,41.78,9.98,9.96,29.47,8.82,0.7422,7.11,83.5,171.0,0.5,0.54,94.6,premium,0.705,87.5
GC-0656,43.8,3.3,7.27,37.75,7.88,0.7327,6.13,106.2,190.0,10.2,0.57,95.7,premium,0.862,83.8
GC-0657,47.42,9.19,8.93,27.25,7.21,0.7012,6.74,104.6,182.0,1.1,1.05,90.6,mid,0.575,77.4
GC-0658,46.66,8.9,11.47,26.14,6.82,0.7229,7.55,99.5,181.7,21.9,1.01,94.3,premium,0.56,82.19999999999999
GC-0659,41.07,7.37,10.74,33.57,7.25,0.7689,6.2,115.2,167.6,10.7,0.75,94.7,premium,0.817,52.39999999999999
GC-0660,51.31,13.7,8.51,21.93,4.55,0.7645,8.28,108.1,170.9,34.7,0.72,88.0,regular,0.427,62.80000000000001
GC-0661,36.22,11.01,11.32,31.24,10.21,0.7295,8.67,100.7,161.5,2.3,0.98,99.5,premium,0.863,60.8
GC-0662,48.23,10.49,8.12,23.71,9.45,0.7442,6.92,98.8,169.2,36.3,0.47,89.4,mid,0.492,70.39999999999999
GC-0663,49.62,6.36,10.47,26.53,7.03,0.7282,9.62,88.3,136.0,10.7,0.74,91.0,mid,0.535,47.7
GC-0664,52.24,14.02,4.82,23.2,5.71,0.7425,12.98,111.9,147.6,6.9,1.02,85.0,regular,0.444,35.69999999999999
GC-0665,50.98,12.73,8.97,21.73,5.59,0.7388,10.45,104.4,162.7,26.3,0.87,84.9,regular,0.426,58.29999999999998
GC-0666,60.22,11.55,9.32,10.67,8.24,0.7908,12.18,86.8,172.3,1.6,0.49,84.0,regular,0.177,85.50000000000001
GC-0667,38.84,6.49,13.61,35.15,5.91,0.7359,6.27,95.7,184.9,5.3,0.57,96.5,premium,0.905,89.2
GC-0668,39.33,10.37,10.07,32.63,7.6,0.7366,7.28,95.3,141.6,60.3,0.74,97.8,premium,0.83,46.3
GC-0669,53.71,13.24,10.16,18.44,4.45,0.7454,8.8,107.8,143.2,3.9,1.1,84.5,regular,0.343,35.39999999999999
GC-0670,55.29,5.9,8.41,22.77,7.63,0.7676,9.65,106.0,136.2,3.5,1.19,87.5,mid,0.412,30.19999999999999
GC-0671,36.69,8.83,12.57,34.42,7.49,0.688,11.14,110.0,163.2,30.3,0.7,97.3,premium,0.938,53.19999999999999
GC-0672,45.82,12.85,13.59,20.22,7.52,0.75,7.83,112.1,158.5,7.9,0.81,88.6,mid,0.441,46.400000000000006
GC-0673,39.28,5.52,13.02,35.42,6.76,0.7262,12.65,94.1,186.6,3.4,1.11,94.1,premium,0.902,92.5
GC-0674,34.29,10.11,11.5,34.6,9.5,0.7275,10.55,94.8,157.6,6.3,0.75,98.6,premium,1.009,62.8
GC-0675,54.1,7.89,9.46,22.07,6.48,0.7656,8.11,117.1,177.1,21.3,0.99,88.1,mid,0.408,60.0
GC-0676,48.3,5.12,13.23,30.94,2.41,0.7253,8.31,100.1,136.7,1.9,0.84,93.8,premium,0.641,36.599999999999994
GC-0677,56.47,7.08,8.33,22.37,5.74,0.7633,8.88,111.0,158.7,5.2,1.08,86.9,regular,0.396,47.69999999999999
GC-0678,40.0,7.8,10.38,36.82,5.0,0.7579,11.65,104.8,163.7,14.0,0.71,95.1,premium,0.92,58.89999999999999
GC-0679,38.56,7.53,10.93,34.12,8.86,0.7281,8.73,112.6,187.1,4.9,0.72,98.4,premium,0.885,74.5
GC-0680,50.42,7.16,10.13,24.1,8.19,0.7255,9.51,125.1,155.2,5.0,0.84,89.6,mid,0.478,30.099999999999994
GC-0681,46.42,3.27,11.2,30.8,8.31,0.7671,9.62,111.2,184.2,8.0,0.1,93.3,premium,0.664,72.99999999999999
GC-0682,34.92,4.44,12.7,40.42,7.52,0.7202,6.47,109.1,168.2,8.2,0.66,98.7,premium,1.158,59.099999999999994
GC-0683,42.94,8.59,9.53,31.66,7.28,0.7146,10.63,88.6,140.9,17.1,0.95,91.2,mid,0.737,52.30000000000001
GC-0684,50.03,10.74,9.74,21.22,8.27,0.7569,6.32,128.9,171.9,2.7,0.71,87.0,regular,0.424,43.0
GC-0685,59.2,13.55,6.56,13.87,6.82,0.7541,8.87,97.0,185.3,12.6,1.04,85.6,regular,0.234,88.30000000000001
GC-0686,44.18,3.56,9.18,33.45,9.64,0.7469,10.64,99.4,169.3,18.0,0.74,97.3,premium,0.757,69.9
GC-0687,56.06,17.74,7.79,14.44,3.97,0.743,9.71,103.6,171.7,6.6,1.41,84.3,regular,0.258,68.1
GC-0688,39.29,9.31,10.88,31.73,8.79,0.7535,9.11,101.6,116.2,12.5,0.46,96.1,premium,0.808,14.600000000000009
GC-0689,55.49,10.53,8.77,20.43,4.77,0.7449,8.79,103.9,181.7,17.8,0.86,86.2,regular,0.368,77.79999999999998
GC-0690,60.6,8.26,4.87,22.82,3.44,0.7063,10.44,108.2,161.8,11.4,0.17,86.0,regular,0.377,53.60000000000001
GC-0691,56.43,14.86,8.24,20.31,0.15,0.727,8.4,89.3,136.9,14.4,0.57,84.9,regular,0.36,47.60000000000001
GC-0692,43.85,2.57,14.93,31.03,7.62,0.6991,10.71,89.4,168.2,68.1,1.03,95.2,premium,0.708,78.79999999999998
GC-0693,55.06,13.03,10.39,16.35,5.18,0.7032,9.43,112.5,180.6,3.5,0.78,85.0,regular,0.297,68.1
GC-0694,42.11,13.71,9.55,28.92,5.72,0.7157,10.16,105.1,143.2,28.6,0.15,90.0,mid,0.687,38.099999999999994
GC-0695,35.33,4.47,13.41,39.72,7.06,0.746,9.95,96.4,190.4,6.4,0.82,96.6,premium,1.124,94.0
GC-0696,52.21,15.17,7.2,20.84,4.58,0.7195,7.25,108.1,174.1,21.5,0.65,86.4,regular,0.399,66.0
GC-0697,56.53,13.37,8.64,15.54,5.92,0.7472,9.24,121.4,177.4,56.6,0.72,85.2,regular,0.275,56.0
GC-0698,38.7,12.73,13.15,25.94,9.48,0.7724,8.4,95.3,145.9,4.6,0.89,97.0,premium,0.67,50.60000000000001
GC-0699,43.35,2.03,16.57,28.4,9.65,0.7409,9.1,89.9,155.1,18.6,0.7,96.1,premium,0.655,65.19999999999999
GC-0700,41.94,6.96,9.17,29.84,12.09,0.7381,11.12,94.7,157.5,8.3,1.04,95.9,premium,0.711,62.8
GC-0701,45.58,6.95,9.93,32.03,5.52,0.803,10.66,99.0,175.8,4.9,0.94,95.1,premium,0.703,76.80000000000001
GC-0702,55.36,8.43,7.67,20.16,8.39,0.7123,9.26,111.5,168.3,34.8,0.89,85.3,regular,0.364,56.80000000000001
GC-0703,59.46,11.29,6.14,16.32,6.79,0.7735,8.32,103.1,170.5,3.4,0.77,84.0,regular,0.274,67.4
GC-0704,59.95,13.25,6.73,16.82,3.25,0.748,7.81,108.7,148.9,18.4,0.21,85.3,regular,0.281,40.2
GC-0705,52.5,4.48,10.29,24.71,8.02,0.7333,6.87,102.2,139.3,1.9,0.69,88.8,mid,0.471,37.10000000000001
GC-0706,57.18,2.64,9.81,22.49,7.88,0.7269,9.2,105.7,138.1,0.7,0.93,84.7,regular,0.393,32.39999999999999
GC-0707,41.96,2.75,11.86,38.48,4.94,0.7457,8.62,83.6,136.7,2.8,1.09,96.5,premium,0.917,53.099999999999994
GC-0708,54.64,11.42,7.56,19.2,7.18,0.7484,9.2,102.3,181.4,8.4,0.94,87.5,regular,0.351,79.10000000000001
GC-0709,33.97,6.11,11.09,39.17,9.66,0.7562,8.81,116.3,155.0,9.4,0.6,97.5,premium,1.153,38.7
GC-0710,45.39,11.88,12.98,20.72,9.04,0.7395,8.81,99.8,167.1,14.2,0.49,89.6,mid,0.456,67.3
GC-0711,43.3,5.55,9.58,36.0,5.57,0.7604,8.81,111.7,155.9,13.4,0.9,95.6,premium,0.831,44.2
GC-0712,47.73,8.24,10.92,25.39,7.72,0.7226,9.7,97.9,180.2,11.3,0.61,90.0,mid,0.532,82.29999999999998
GC-0713,45.76,8.24,10.3,30.54,5.16,0.7434,9.07,113.3,157.8,10.6,1.03,94.2,premium,0.667,44.500000000000014
GC-0714,42.38,6.29,14.78,27.55,9.0,0.6835,8.58,99.5,156.7,14.6,0.87,94.8,premium,0.65,57.19999999999999
GC-0715,56.98,12.14,7.81,16.76,6.31,0.7327,9.77,102.1,149.5,6.2,0.77,85.1,regular,0.294,47.400000000000006
GC-0716,52.92,8.54,8.95,25.9,3.69,0.7162,7.61,111.3,165.5,7.4,1.15,86.8,regular,0.489,54.2
GC-0717,46.64,12.01,7.33,23.07,10.94,0.7542,8.96,93.2,135.0,23.2,1.41,90.2,mid,0.495,41.8
GC-0718,60.76,6.96,6.23,19.98,6.07,0.6994,8.31,90.3,155.4,13.7,0.77,85.9,regular,0.329,65.10000000000001
GC-0719,43.26,5.42,8.42,34.75,8.15,0.7488,10.25,101.2,149.1,21.2,1.35,95.3,premium,0.803,47.89999999999999
GC-0720,38.61,6.48,9.11,38.25,7.55,0.7504,9.28,97.7,117.9,8.3,0.48,97.7,premium,0.991,20.200000000000003
GC-0721,44.64,11.06,10.77,25.29,8.23,0.7619,9.3,98.7,161.7,28.3,0.34,92.2,mid,0.567,62.999999999999986
GC-0722,38.53,12.35,11.78,29.11,8.23,0.7587,7.73,98.8,174.1,2.5,0.59,95.0,premium,0.756,75.3
GC-0723,47.39,11.27,9.55,24.2,7.59,0.7578,11.06,90.7,186.5,0.7,1.0,89.6,mid,0.511,95.8
GC-0724,49.43,8.46,10.58,25.77,5.77,0.7688,8.52,95.8,142.7,27.2,1.27,89.5,mid,0.521,46.89999999999999
GC-0725,35.37,10.91,10.16,34.51,9.05,0.7253,8.02,93.3,176.0,0.6,0.29,96.9,premium,0.976,82.7
GC-0726,58.26,5.71,7.78,23.42,4.83,0.7497,8.49,107.3,181.9,14.7,0.34,86.0,regular,0.402,74.60000000000001
GC-0727,47.22,9.57,9.17,29.09,4.95,0.7345,7.88,97.7,159.3,25.3,1.12,90.8,mid,0.616,61.60000000000001
GC-0728,48.26,14.35,8.71,24.34,4.36,0.753,10.45,81.1,167.6,0.3,1.07,87.4,regular,0.504,86.5
GC-0729,57.48,11.24,7.16,17.23,6.87,0.7289,8.3,100.2,136.0,4.7,0.78,87.8,regular,0.3,35.8
GC-0730,58.5,9.35,10.44,14.88,6.83,0.7476,8.79,102.5,153.4,39.3,0.19,86.7,regular,0.254,50.900000000000006
GC-0731,37.95,8.61,10.94,32.81,9.69,0.7612,9.44,103.5,149.3,7.9,0.67,97.0,premium,0.865,45.80000000000001
GC-0732,54.87,9.97,10.97,19.35,4.84,0.7625,11.64,118.3,140.8,20.5,0.69,85.6,regular,0.353,22.500000000000014
GC-0733,63.41,11.5,7.49,17.95,-0.35,0.7573,11.2,113.5,173.6,5.2,0.6,84.0,regular,0.283,60.099999999999994
GC-0734,49.67,13.34,6.51,23.63,6.86,0.7132,11.07,100.4,189.1,1.8,0.83,86.7,regular,0.476,88.69999999999999
GC-0735,49.38,5.73,7.87,30.1,6.93,0.7252,8.42,111.3,162.2,17.0,0.96,89.9,mid,0.61,50.89999999999999
GC-0736,33.37,11.43,15.47,27.17,12.56,0.7498,8.81,86.6,155.0,9.7,0.93,98.6,premium,0.814,68.4
GC-0737,57.69,12.75,6.22,16.66,6.68,0.7303,8.05,127.2,169.1,3.8,0.56,84.7,regular,0.289,41.89999999999999
GC-0738,41.17,5.13,14.39,31.11,8.21,0.7146,8.91,94.3,169.2,37.8,1.0,95.0,premium,0.756,74.89999999999999
GC-0739,48.79,7.36,9.57,25.45,8.83,0.7286,10.45,103.8,183.2,1.9,0.15,90.5,mid,0.522,79.39999999999999
GC-0740,40.97,8.58,11.95,31.09,7.4,0.72,10.68,104.3,188.6,29.1,0.49,94.0,premium,0.759,84.3
GC-0741,47.85,9.05,9.97,24.59,8.54,0.7729,7.56,78.8,159.8,5.3,0.58,88.4,mid,0.514,81.00000000000001
GC-0742,51.65,15.51,6.02,20.99,5.83,0.7233,7.07,104.5,165.1,3.9,0.91,84.0,regular,0.406,60.599999999999994
GC-0743,58.13,11.44,10.12,16.66,3.64,0.7326,7.34,105.3,151.4,8.1,0.79,84.7,regular,0.287,46.10000000000001
GC-0744,54.07,11.7,7.47,19.26,7.49,0.7058,10.32,105.2,166.9,46.2,1.07,86.7,regular,0.356,61.7
GC-0745,46.98,12.9,10.73,20.05,9.33,0.7346,8.34,96.3,163.4,5.8,1.26,89.8,mid,0.427,67.10000000000001
GC-0746,49.86,11.99,10.65,20.55,6.96,0.7313,9.01,98.5,156.4,13.3,0.54,86.3,regular,0.412,57.900000000000006
GC-0747,55.89,9.86,8.5,18.76,7.0,0.7375,8.69,101.6,183.1,39.5,1.11,84.7,regular,0.336,81.5
GC-0748,47.02,12.27,9.34,23.39,7.98,0.7438,8.47,103.7,157.6,12.9,0.59,89.3,mid,0.497,53.89999999999999
GC-0749,37.46,8.73,8.16,38.05,7.59,0.7639,7.87,110.4,161.8,11.8,0.98,94.9,premium,1.016,51.400000000000006
GC-0750,45.78,11.56,7.51,28.98,6.17,0.7329,8.68,91.8,152.5,6.0,0.57,92.0,mid,0.633,60.7
GC-0751,48.44,11.63,11.88,23.44,4.61,0.7519,9.13,103.7,180.5,15.6,0.76,88.7,mid,0.484,76.8
GC-0752,62.72,11.54,4.33,16.65,4.77,0.7501,8.69,102.5,153.7,21.7,0.81,84.0,regular,0.265,51.19999999999999
GC-0753,46.43,10.66,12.0,19.67,11.24,0.7058,9.56,94.4,154.0,28.4,0.44,91.7,mid,0.424,59.599999999999994
GC-0754,55.07,12.63,8.8,15.37,8.13,0.7593,9.68,106.1,150.6,3.1,0.28,85.3,regular,0.279,44.5
GC-0755,52.41,15.4,8.24,17.5,6.44,0.7257,10.85,122.4,143.6,54.7,0.97,86.6,regular,0.334,21.19999999999999
GC-0756,54.64,19.11,6.63,16.47,3.15,0.7258,7.72,102.3,164.6,48.6,1.12,85.8,regular,0.301,62.3
GC-0757,50.22,6.44,10.16,26.71,6.47,0.7173,8.94,109.3,185.2,5.2,0.48,88.1,mid,0.532,75.89999999999999
GC-0758,53.42,14.39,12.3,17.27,2.62,0.7464,9.5,115.9,139.5,31.7,0.38,85.9,regular,0.323,23.599999999999994
GC-0759,50.23,11.3,6.76,27.66,4.06,0.7425,10.46,92.7,157.8,18.8,1.06,86.4,regular,0.551,65.10000000000001
GC-0760,52.69,15.1,6.81,17.27,8.14,0.7355,8.25,91.8,142.5,23.6,1.14,89.7,mid,0.328,50.7
GC-0761,50.86,16.64,10.17,16.21,6.12,0.731,4.65,93.4,164.5,6.0,0.78,85.9,regular,0.319,71.1
GC-0762,38.76,2.01,13.67,38.09,7.47,0.7108,8.79,85.3,155.6,72.5,1.01,97.7,premium,0.983,70.3
GC-0763,54.04,11.31,8.03,20.25,6.37,0.7684,9.25,83.4,172.9,12.4,1.19,86.9,regular,0.375,89.5
GC-0764,39.01,11.85,10.57,31.41,7.15,0.7377,10.93,84.1,145.0,7.4,1.17,95.3,premium,0.805,60.900000000000006
GC-0765,49.46,11.2,11.75,22.81,4.78,0.7552,10.14,95.3,156.5,0.2,0.24,92.1,premium,0.461,61.2
GC-0766,36.45,3.35,13.04,35.92,11.23,0.7441,9.84,98.5,133.7,14.7,1.1,97.2,premium,0.985,35.19999999999999
GC-0767,40.15,2.65,13.53,37.9,5.77,0.7626,7.29,96.1,139.1,3.1,0.94,97.7,premium,0.944,43.0
GC-0768,54.48,8.01,8.74,22.48,6.29,0.7154,8.82,103.5,181.9,2.4,0.8,87.0,regular,0.413,78.4
GC-0769,43.54,6.34,9.44,34.28,6.39,0.7511,7.36,95.6,169.4,5.9,0.36,91.8,mid,0.787,73.80000000000001
GC-0770,38.67,6.07,12.1,35.98,7.18,0.7112,9.2,94.6,164.2,6.6,0.71,97.7,premium,0.93,69.6
GC-0771,52.99,9.15,10.15,21.52,6.19,0.7341,9.95,100.3,201.4,10.1,0.37,88.4,regular,0.406,101.10000000000001
GC-0772,38.28,9.54,11.68,34.86,5.64,0.7493,9.2,101.5,178.0,2.5,0.3,96.1,premium,0.911,76.5
GC-0773,52.35,7.57,5.11,28.43,6.53,0.7685,9.56,101.7,159.3,8.5,0.77,89.9,mid,0.543,57.60000000000001
GC-0774,46.14,10.45,13.72,20.65,9.03,0.748,8.97,106.1,144.8,4.2,0.64,88.5,mid,0.448,38.70000000000002
GC-0775,42.81,8.44,10.86,30.06,7.83,0.7546,8.44,94.3,173.7,2.4,0.75,95.1,premium,0.702,79.39999999999999
GC-0776,45.93,8.52,10.16,25.18,10.21,0.726,9.23,89.0,183.5,17.1,1.04,90.2,mid,0.548,94.5
GC-0777,64.27,9.02,5.96,18.47,2.28,0.732,9.76,100.8,157.8,3.6,0.61,84.0,regular,0.287,57.000000000000014
GC-0778,55.63,14.13,9.38,17.99,2.87,0.7449,9.6,104.4,142.0,60.7,1.25,86.3,regular,0.323,37.599999999999994
GC-0779,45.38,12.3,12.75,24.99,4.58,0.7392,9.38,94.2,162.0,27.7,0.47,87.0,mid,0.551,67.8
GC-0780,60.53,10.92,7.68,17.09,3.78,0.7431,7.73,95.5,187.1,19.2,1.07,84.0,regular,0.282,91.6
GC-0781,58.98,11.86,6.68,16.96,5.53,0.7619,11.07,99.6,177.1,2.2,1.09,84.0,regular,0.288,77.5
GC-0782,39.98,15.23,10.22,27.27,7.3,0.7487,10.21,88.6,156.5,22.7,1.04,92.4,mid,0.682,67.9
GC-0783,40.93,6.09,11.98,32.45,8.55,0.7347,8.87,77.6,172.5,1.6,1.01,95.2,premium,0.793,94.9
GC-0784,56.54,9.31,6.51,22.05,5.6,0.7715,7.86,98.7,186.2,12.2,0.18,84.6,regular,0.39,87.49999999999999
GC-0785,49.21,6.78,11.95,21.21,10.85,0.7336,9.81,104.7,156.2,15.7,0.92,87.3,regular,0.431,51.499999999999986
GC-0786,40.67,7.13,11.7,34.13,6.37,0.7563,8.89,117.2,186.6,3.6,0.89,95.9,premium,0.839,69.39999999999999
GC-0787,35.03,10.84,9.94,34.81,9.38,0.7165,8.53,106.4,145.2,37.3,0.44,98.0,premium,0.994,38.79999999999998
GC-0788,56.9,7.08,7.75,24.78,3.49,0.7355,8.0,108.4,184.6,16.0,1.1,85.7,regular,0.436,76.19999999999999
GC-0789,49.58,8.07,7.9,27.58,6.87,0.737,8.39,91.8,175.2,21.6,0.55,89.0,mid,0.556,83.39999999999999
GC-0790,42.94,6.03,14.53,31.58,4.93,0.7531,9.79,90.6,188.3,19.9,0.35,95.1,premium,0.735,97.70000000000002
GC-0791,48.68,11.95,7.54,25.21,6.62,0.7573,7.77,93.0,166.5,31.4,0.95,88.4,mid,0.518,73.5
GC-0792,48.42,7.72,9.7,28.78,5.37,0.7428,10.3,110.0,161.4,1.3,0.6,88.8,mid,0.594,51.400000000000006
GC-0793,38.85,9.11,11.76,34.68,5.61,0.7619,6.79,94.6,149.0,9.5,0.94,95.1,premium,0.893,54.400000000000006
GC-0794,32.37,10.26,14.19,30.06,13.12,0.7357,7.94,105.5,155.6,2.2,0.78,97.8,premium,0.929,50.099999999999994
GC-0795,54.52,10.41,7.03,23.74,4.31,0.7222,8.33,87.7,187.8,14.3,0.88,86.4,regular,0.435,100.10000000000001
GC-0796,49.97,8.49,9.62,27.24,4.69,0.7481,8.12,77.4,141.4,38.7,0.71,88.1,mid,0.545,64.0
GC-0797,48.38,7.13,12.14,24.66,7.68,0.7125,7.6,104.9,151.8,46.7,0.97,94.4,premium,0.51,46.900000000000006
GC-0798,36.44,13.03,10.67,36.09,3.77,0.7333,8.2,106.6,156.8,13.6,0.19,95.8,premium,0.99,50.20000000000002
GC-0799,50.09,15.24,8.83,20.67,5.18,0.7165,9.06,88.6,162.5,14.2,0.54,86.9,regular,0.413,73.9
GC-0800,61.69,12.31,6.64,15.21,4.14,0.7447,7.12,95.9,170.4,12.7,0.67,84.6,regular,0.247,74.5
GC-0801,50.94,7.03,11.17,26.63,4.23,0.7597,8.65,79.4,165.1,3.5,0.95,89.1,mid,0.523,85.69999999999999
GC-0802,52.44,7.78,7.52,24.35,7.91,0.6906,8.01,111.5,164.9,16.4,0.43,89.9,mid,0.464,53.400000000000006
GC-0803,37.74,10.42,15.68,27.22,8.93,0.7531,7.87,102.4,180.5,10.1,0.42,98.0,premium,0.721,78.1
GC-0804,36.85,10.58,15.22,28.68,8.67,0.7441,8.98,90.2,181.8,25.2,1.36,96.2,premium,0.778,91.60000000000001
GC-0805,41.69,11.19,7.29,32.8,7.03,0.7619,9.03,96.4,139.0,42.1,0.23,95.6,premium,0.787,42.599999999999994
GC-0806,41.29,16.09,10.2,23.06,9.36,0.7666,10.87,87.3,166.9,0.9,1.32,91.0,mid,0.558,79.60000000000001
GC-0807,52.89,9.56,6.73,24.92,5.89,0.7468,8.62,98.9,147.4,28.4,0.35,84.9,regular,0.471,48.5
GC-0808,52.14,9.08,11.5,23.29,4.0,0.7683,9.03,83.9,155.2,0.5,0.85,89.1,mid,0.447,71.29999999999998
GC-0809,53.33,14.39,6.47,21.04,4.76,0.7397,8.71,92.0,160.5,1.8,0.98,86.4,regular,0.395,68.5
GC-0810,47.91,9.12,12.04,26.44,4.5,0.7553,10.5,104.0,124.9,56.7,1.13,90.7,mid,0.552,20.900000000000006
GC-0811,48.92,15.25,8.6,22.11,5.11,0.719,6.22,104.3,189.8,8.8,1.13,87.6,mid,0.452,85.50000000000001
GC-0812,47.78,10.75,9.77,22.8,8.9,0.7496,9.52,100.4,171.8,7.8,0.81,89.0,mid,0.477,71.4
GC-0813,37.85,8.39,8.94,34.94,9.87,0.7221,8.07,99.4,163.2,13.8,1.14,96.5,premium,0.923,63.79999999999998
GC-0814,45.54,4.73,13.91,28.07,7.75,0.7412,10.73,104.6,174.8,43.4,0.93,95.6,premium,0.616,70.20000000000002
GC-0815,58.01,8.64,6.36,24.36,2.63,0.719,8.31,98.4,153.9,9.3,0.6,84.8,regular,0.42,55.5
GC-0816,51.61,14.63,10.2,15.18,8.37,0.728,7.66,100.6,189.7,11.1,0.34,85.9,regular,0.294,89.1
GC-0817,59.16,12.43,9.4,15.83,3.18,0.7752,9.84,106.1,143.9,3.0,0.39,84.3,regular,0.268,37.80000000000001
GC-0818,54.68,7.32,6.79,24.39,6.82,0.7555,7.81,108.7,141.3,1.0,0.58,90.3,mid,0.446,32.60000000000001
GC-0819,51.54,7.98,9.39,27.0,4.09,0.7374,8.16,102.6,140.2,17.7,0.1,86.2,regular,0.524,37.599999999999994
GC-0820,55.02,9.61,8.18,21.22,5.96,0.7265,7.65,99.3,160.3,28.4,0.39,84.4,regular,0.386,61.000000000000014
GC-0821,50.21,11.04,11.03,27.07,0.66,0.7983,9.72,100.2,179.7,37.2,1.12,86.2,regular,0.539,79.49999999999999
GC-0822,55.68,12.97,9.51,17.85,3.99,0.7323,10.43,104.6,145.0,60.2,0.23,84.0,regular,0.321,40.400000000000006
GC-0823,41.73,11.44,11.73,27.85,7.25,0.7648,8.61,110.5,174.2,16.8,0.5,95.3,premium,0.667,63.69999999999999
GC-0824,48.77,16.36,10.44,18.45,5.98,0.7264,8.33,97.4,155.6,3.1,0.77,87.5,mid,0.378,58.19999999999999
GC-0825,41.85,3.94,12.06,35.17,6.97,0.7206,8.23,115.7,171.2,5.7,1.37,96.2,premium,0.84,55.499999999999986
GC-0826,48.17,10.83,10.67,24.76,5.57,0.7094,6.59,92.6,162.9,1.8,0.33,89.7,mid,0.514,70.30000000000001
GC-0827,45.32,14.41,10.45,22.18,7.65,0.7476,10.66,106.6,192.4,39.3,0.81,88.4,mid,0.489,85.80000000000001
GC-0828,56.55,7.66,7.36,19.24,9.19,0.7384,10.51,99.5,187.5,6.2,1.0,86.5,regular,0.34,88.0
GC-0829,56.09,7.78,9.66,21.68,4.79,0.7421,6.05,97.6,175.9,20.4,0.67,86.6,mid,0.387,78.30000000000001
GC-0830,55.96,14.33,6.73,18.63,4.36,0.7769,11.19,76.7,155.4,10.4,0.4,85.8,regular,0.333,78.7
GC-0831,46.16,7.31,10.64,30.6,5.29,0.7105,7.45,89.1,165.9,28.1,0.77,93.1,premium,0.663,76.80000000000001
GC-0832,41.5,5.01,14.56,31.57,7.36,0.7458,8.7,101.3,167.5,8.5,0.58,95.9,premium,0.761,66.2
GC-0833,55.95,5.6,11.66,21.75,5.04,0.7439,7.07,93.8,159.6,0.1,0.65,87.3,mid,0.389,65.8
GC-0834,48.84,17.59,5.95,21.76,5.86,0.7385,9.84,95.3,171.5,23.9,0.92,85.9,regular,0.446,76.2
GC-0835,53.53,15.2,6.84,19.55,4.88,0.6917,9.69,99.0,164.3,22.6,0.74,86.0,regular,0.365,65.30000000000001
GC-0836,57.55,12.34,7.97,15.99,6.15,0.7577,10.82,102.8,168.3,13.6,0.62,84.9,regular,0.278,65.50000000000001
GC-0837,42.34,4.77,12.12,30.29,10.47,0.7583,12.73,95.4,168.9,8.8,0.89,97.5,premium,0.715,73.5
GC-0838,54.86,12.14,4.32,19.16,9.53,0.7554,9.19,98.2,160.2,17.2,0.87,87.1,regular,0.349,61.999999999999986
GC-0839,57.99,10.92,6.65,16.3,8.15,0.7531,8.72,97.6,148.5,18.5,1.0,85.2,regular,0.281,50.900000000000006
GC-0840,51.36,12.84,9.94,18.37,7.49,0.7918,6.58,124.3,158.1,4.7,0.87,86.5,regular,0.358,33.8
GC-0841,44.69,8.77,10.21,29.05,7.27,0.7477,6.37,83.4,137.5,5.4,0.31,91.0,mid,0.65,54.099999999999994
GC-0842,55.92,14.02,9.24,19.57,1.25,0.7466,10.22,117.5,176.8,1.6,0.85,84.2,regular,0.35,59.30000000000001
GC-0843,59.58,12.05,8.93,17.01,2.43,0.7339,9.29,92.6,160.4,6.6,1.15,84.0,regular,0.285,67.80000000000001
GC-0844,54.37,5.21,8.58,25.46,6.39,0.7414,12.78,117.8,149.6,9.9,1.12,88.9,mid,0.468,31.799999999999997
GC-0845,38.07,10.04,12.23,32.72,6.94,0.7246,7.86,107.8,157.8,31.7,0.11,97.0,premium,0.859,50.000000000000014
GC-0846,47.34,10.72,8.0,26.15,7.79,0.7195,7.39,107.3,183.0,32.9,0.18,89.8,mid,0.552,75.7
GC-0847,57.04,9.01,7.33,22.06,4.56,0.7396,8.21,108.2,152.8,13.8,0.13,85.5,regular,0.387,44.60000000000001
GC-0848,40.85,13.27,12.05,25.86,7.97,0.7207,9.2,119.7,192.7,12.2,0.69,93.2,mid,0.633,72.99999999999999
GC-0849,46.94,10.42,8.98,28.63,5.03,0.7812,11.04,99.3,163.7,7.5,0.58,91.7,mid,0.61,64.39999999999999
GC-0850,47.97,8.39,12.8,22.48,8.36,0.7338,8.77,101.7,129.2,32.9,1.08,90.5,mid,0.469,27.499999999999986
GC-0851,47.29,9.01,9.84,24.43,9.42,0.7458,7.11,99.5,181.8,0.6,0.61,90.6,mid,0.517,82.30000000000001
GC-0852,48.65,6.81,8.2,27.91,8.43,0.7384,9.22,90.4,154.1,2.5,1.2,87.1,mid,0.574,63.69999999999999
GC-0853,42.51,7.96,13.67,28.6,7.25,0.7385,7.73,91.9,170.8,3.7,0.64,96.2,premium,0.673,78.9
GC-0854,50.97,12.47,7.65,22.28,6.63,0.747,8.42,106.3,163.5,15.9,0.61,86.5,regular,0.437,57.2
GC-0855,59.68,14.43,6.0,16.34,3.55,0.7037,10.19,95.4,166.9,9.4,0.8,84.0,regular,0.274,71.5
GC-0856,52.02,9.15,7.76,25.18,5.89,0.7136,9.85,106.6,164.0,41.6,0.86,87.3,regular,0.484,57.400000000000006
GC-0857,52.92,10.58,7.75,20.61,8.13,0.744,8.48,89.3,172.5,4.4,1.19,87.9,mid,0.389,83.2
GC-0858,38.76,9.43,11.06,33.81,6.95,0.7205,7.6,89.8,163.3,0.1,0.72,95.8,premium,0.872,73.50000000000001
GC-0859,58.31,8.62,6.47,16.99,9.61,0.7387,8.88,115.5,135.8,4.1,0.56,86.0,regular,0.291,20.30000000000001
GC-0860,60.11,5.32,7.15,23.7,3.73,0.7421,8.79,112.6,151.1,10.8,0.91,85.7,regular,0.394,38.5
GC-0861,55.68,8.76,9.12,17.67,8.77,0.745,9.06,97.2,152.1,30.5,0.1,84.0,regular,0.317,54.89999999999999
GC-0862,58.01,8.8,5.78,21.26,6.15,0.7521,10.03,85.9,182.3,5.5,0.74,86.8,regular,0.366,96.4
GC-0863,46.2,12.67,9.93,21.71,9.5,0.7396,9.96,121.0,153.1,1.6,0.89,89.1,mid,0.47,32.099999999999994
GC-0864,45.52,12.82,11.11,22.22,8.33,0.7549,10.2,116.3,154.7,25.2,0.64,90.2,mid,0.488,38.39999999999999
GC-0865,45.67,13.0,10.76,22.88,7.69,0.7448,7.39,99.3,175.0,20.6,0.99,89.5,mid,0.501,75.7
GC-0866,44.79,4.27,11.79,33.3,5.85,0.7626,9.08,102.1,168.3,21.6,0.51,93.4,premium,0.743,66.20000000000002
GC-0867,48.12,9.72,9.15,23.28,9.73,0.7309,9.34,117.0,143.0,6.5,0.97,87.8,mid,0.484,26.0
GC-0868,33.74,3.89,12.91,40.44,9.03,0.7445,9.62,87.3,156.5,27.7,0.75,98.5,premium,1.199,69.2
GC-0869,53.64,11.3,5.67,22.26,7.12,0.7561,8.78,74.7,159.2,20.8,0.74,86.3,regular,0.415,84.49999999999999
GC-0870,43.48,6.33,11.53,27.43,11.23,0.747,7.88,108.7,164.6,4.8,0.7,95.8,premium,0.631,55.89999999999999
GC-0871,60.01,8.24,11.16,15.71,4.88,0.7407,9.04,104.4,137.1,21.9,0.59,84.0,regular,0.262,32.69999999999999
GC-0872,45.27,12.63,9.0,25.68,7.43,0.7191,6.89,104.5,159.6,25.9,1.16,91.8,mid,0.567,55.099999999999994
GC-0873,45.22,10.9,12.46,22.88,8.55,0.7446,6.83,95.0,144.1,40.2,0.91,89.7,mid,0.506,49.099999999999994
GC-0874,49.08,10.19,9.64,22.51,8.58,0.729,11.44,97.0,168.8,7.4,0.82,89.2,mid,0.459,71.80000000000001
GC-0875,46.33,13.88,9.76,25.26,4.77,0.7601,7.96,105.5,133.5,4.3,0.91,90.3,mid,0.545,28.0
GC-0876,64.72,7.11,9.24,16.47,2.46,0.7365,11.19,87.2,180.6,19.6,0.46,84.0,regular,0.254,93.39999999999999
GC-0877,53.87,8.28,7.55,18.67,11.62,0.7179,7.29,101.7,154.1,12.6,1.2,89.2,mid,0.347,52.39999999999999
GC-0878,42.95,13.36,3.79,30.53,9.37,0.7313,9.62,89.9,156.4,2.8,1.1,90.8,mid,0.711,66.5
GC-0879,43.18,8.53,12.0,28.65,7.64,0.7012,8.58,98.8,162.1,6.5,1.1,94.3,premium,0.664,63.3
GC-0880,42.54,6.86,13.47,28.85,8.27,0.7351,10.14,96.3,171.9,8.5,0.21,95.1,premium,0.678,75.60000000000001
GC-0881,42.86,15.83,10.13,22.48,8.71,0.7156,12.75,102.8,166.0,25.1,0.95,91.4,mid,0.524,63.2
GC-0882,51.79,8.84,11.52,22.34,5.51,0.7378,8.95,102.8,199.0,11.6,1.45,90.6,mid,0.431,96.2
GC-0883,47.43,13.12,11.13,19.64,8.69,0.7707,8.41,95.5,183.0,81.2,1.19,89.1,mid,0.414,87.5
GC-0884,40.52,7.44,13.3,32.2,6.54,0.7658,9.8,107.7,160.0,8.2,0.22,95.6,premium,0.795,52.3
GC-0885,53.39,11.29,7.45,19.35,8.52,0.7587,9.25,114.2,175.3,16.5,1.36,86.7,regular,0.362,61.10000000000001
GC-0886,51.84,12.96,8.86,22.89,3.44,0.7516,9.0,98.1,147.9,15.7,0.94,86.7,regular,0.442,49.80000000000001
GC-0887,57.85,8.49,6.51,22.95,4.19,0.7247,7.9,116.4,143.2,8.6,1.02,84.9,regular,0.397,26.799999999999983
GC-0888,56.6,11.54,7.22,19.82,4.82,0.7587,6.83,90.9,148.2,48.9,0.48,85.2,regular,0.35,57.29999999999998
GC-0889,45.24,10.16,11.09,28.26,5.25,0.7218,8.5,82.8,155.1,6.5,0.75,89.8,mid,0.625,72.3
GC-0890,34.95,10.17,11.05,33.78,10.04,0.7396,9.62,103.1,175.0,11.1,1.04,97.7,premium,0.967,71.9
GC-0891,41.21,8.86,9.47,35.85,4.61,0.7453,8.57,103.9,166.3,15.5,0.37,96.1,premium,0.87,62.400000000000006
GC-0892,48.56,11.83,12.23,22.43,4.94,0.7378,9.22,114.7,178.4,8.6,0.94,86.2,regular,0.462,63.7
GC-0893,48.09,13.16,10.6,18.8,9.35,0.7469,9.13,119.9,166.7,1.6,1.2,90.4,mid,0.391,46.79999999999998
GC-0894,37.18,8.2,10.92,37.45,6.25,0.7253,7.08,88.5,143.4,26.7,0.73,98.5,premium,1.007,54.900000000000006
GC-0895,54.61,10.41,13.06,17.51,4.41,0.7384,9.45,88.2,152.5,1.8,1.06,84.1,regular,0.321,64.3
GC-0896,45.69,6.05,14.15,28.04,6.08,0.7569,9.46,97.8,155.4,11.1,1.1,94.6,premium,0.614,57.60000000000001
GC-0897,40.35,8.47,11.02,32.82,7.34,0.7309,9.79,108.2,154.3,20.6,0.57,95.8,premium,0.813,46.10000000000001
GC-0898,44.89,1.91,9.98,36.28,6.94,0.7405,10.52,99.2,168.9,14.9,0.74,95.3,premium,0.808,69.7
GC-0899,41.25,9.52,11.85,28.74,8.64,0.7519,8.94,114.2,155.0,42.7,0.72,94.3,premium,0.697,40.8
GC-0900,50.52,6.79,6.75,29.77,6.18,0.6864,11.32,99.3,165.1,4.1,0.48,91.2,mid,0.589,65.8
GC-0901,38.58,4.96,10.83,38.0,7.63,0.7474,5.74,113.3,189.8,15.9,0.58,95.3,premium,0.985,76.50000000000001
GC-0902,41.09,7.16,14.36,34.35,3.03,0.7487,8.92,92.8,157.2,2.4,1.18,97.0,premium,0.836,64.39999999999999
GC-0903,41.88,9.25,9.63,31.02,8.21,0.7317,10.39,88.6,161.0,3.7,0.62,96.4,premium,0.741,72.4
GC-0904,46.83,13.93,8.98,25.82,4.44,0.7317,7.84,128.3,154.7,4.8,0.74,89.5,mid,0.551,26.399999999999977
GC-0905,37.64,8.54,11.19,36.9,5.73,0.7494,10.36,103.4,188.2,32.5,0.6,97.8,premium,0.98,84.79999999999998
GC-0906,37.47,12.48,13.57,30.7,5.78,0.7598,5.88,102.0,173.4,1.9,0.42,95.4,premium,0.819,71.4
GC-0907,34.91,9.21,12.98,36.42,6.47,0.7731,7.87,105.1,192.7,21.9,0.99,96.0,premium,1.043,87.6
GC-0908,41.1,9.09,9.93,32.14,7.74,0.7449,5.75,107.1,156.5,27.1,1.37,94.3,premium,0.782,49.400000000000006
GC-0909,43.78,12.34,8.93,30.07,4.88,0.7168,9.19,120.2,170.8,7.4,1.12,90.4,mid,0.687,50.60000000000001
GC-0910,54.91,10.38,8.94,17.93,7.84,0.7616,9.31,97.2,152.9,21.5,0.5,86.3,regular,0.327,55.7
GC-0911,45.04,6.65,12.92,29.61,5.78,0.7251,8.4,87.5,152.6,15.5,1.5,95.1,premium,0.657,65.1
GC-0912,42.56,15.8,11.76,22.94,6.93,0.7277,9.11,93.6,165.0,2.2,0.23,94.0,premium,0.539,71.4
GC-0913,46.59,3.33,11.69,29.62,8.78,0.745,10.67,107.7,160.5,40.4,0.94,95.1,premium,0.636,52.8
GC-0914,42.09,12.04,9.13,29.2,7.55,0.7364,6.79,77.1,145.8,71.3,0.84,90.2,mid,0.694,68.70000000000002
GC-0915,56.93,7.95,3.32,26.49,5.31,0.77,10.1,100.6,154.0,32.3,0.79,87.8,regular,0.465,53.400000000000006
GC-0916,40.94,6.58,8.25,33.46,10.77,0.7411,7.67,109.0,159.8,29.4,0.69,98.1,premium,0.817,50.80000000000001
GC-0917,32.03,14.01,13.19,34.63,6.14,0.7384,10.17,113.6,138.5,16.8,0.96,96.8,premium,1.081,24.900000000000006
GC-0918,59.9,12.35,6.25,14.72,6.78,0.7594,9.49,62.4,167.6,8.8,0.36,85.3,regular,0.246,105.19999999999999
GC-0919,45.33,13.07,10.29,22.82,8.5,0.7596,11.18,97.8,180.7,11.0,0.71,89.1,mid,0.503,82.89999999999999
GC-0920,48.5,2.22,9.27,30.56,9.45,0.7265,7.13,93.5,180.1,23.2,0.91,94.1,premium,0.63,86.6
GC-0921,53.38,12.01,9.96,18.04,6.62,0.7371,6.91,100.1,177.1,17.3,1.14,86.9,regular,0.338,77.0
GC-0922,53.73,8.55,8.0,23.24,6.48,0.7346,7.51,97.7,140.3,8.1,0.7,86.8,regular,0.433,42.60000000000001
GC-0923,55.61,13.35,6.96,19.01,5.07,0.7471,6.99,75.6,144.7,33.1,0.57,85.9,regular,0.342,69.1
GC-0924,40.45,8.93,13.41,29.15,8.06,0.7249,7.4,97.7,169.9,24.8,0.53,95.7,premium,0.721,72.2
GC-0925,45.49,10.04,9.81,24.3,10.36,0.7086,11.29,102.7,154.4,6.8,0.83,91.2,mid,0.534,51.7
GC-0926,41.11,9.31,15.33,27.65,6.6,0.7376,7.45,98.1,203.4,6.2,0.84,94.0,premium,0.673,105.30000000000001
GC-0927,49.61,14.19,7.33,24.77,4.09,0.7221,8.42,82.7,128.1,5.4,0.46,86.3,regular,0.499,45.39999999999999
GC-0928,39.73,10.44,8.26,33.2,8.36,0.7625,9.11,75.5,166.7,1.6,0.9,96.5,premium,0.836,91.19999999999999
GC-0929,58.56,18.03,6.78,14.35,2.27,0.7734,12.31,106.5,145.3,20.3,0.56,84.0,regular,0.245,38.80000000000001
GC-0930,33.18,11.8,10.54,37.07,7.42,0.7629,6.78,104.5,181.4,15.8,0.63,98.0,premium,1.117,76.9
GC-0931,59.34,11.75,8.52,14.2,6.19,0.7257,7.76,101.7,202.7,3.4,0.79,86.3,regular,0.239,100.99999999999999
GC-0932,40.97,7.97,14.14,27.86,9.06,0.7585,8.56,102.0,154.6,15.9,1.01,94.6,premium,0.68,52.599999999999994
GC-0933,52.18,5.76,9.83,26.46,5.76,0.7619,8.87,109.8,123.8,0.3,0.93,90.4,mid,0.507,14.0
GC-0934,42.32,5.74,15.15,28.95,7.84,0.7397,8.9,100.5,158.9,20.4,1.1,96.6,premium,0.684,58.400000000000006
GC-0935,51.89,14.98,7.75,20.89,4.5,0.7199,9.49,105.5,140.0,0.4,0.81,85.7,regular,0.403,34.5
GC-0936,55.48,9.63,7.13,24.97,2.8,0.728,8.51,95.1,164.0,6.3,0.49,84.0,regular,0.45,68.9
GC-0937,54.08,19.2,11.61,13.93,1.19,0.7782,10.0,99.7,153.2,0.9,0.88,84.0,regular,0.258,53.499999999999986
GC-0938,34.89,13.77,9.0,35.17,7.17,0.745,9.76,109.8,180.8,0.5,1.39,97.1,premium,1.008,71.00000000000001
GC-0939,44.67,12.06,12.45,20.92,9.91,0.7149,7.73,90.6,146.1,25.7,0.61,90.4,mid,0.468,55.5
GC-0940,53.54,10.49,8.28,23.85,3.84,0.7561,6.77,106.1,149.9,11.3,0.22,86.9,mid,0.445,43.80000000000001
GC-0941,45.46,11.59,12.65,23.33,6.96,0.7459,8.31,102.4,158.5,18.8,0.44,90.4,mid,0.513,56.099999999999994
GC-0942,45.68,12.27,9.3,25.3,7.45,0.7761,6.76,100.6,165.7,1.1,0.81,89.4,mid,0.554,65.1
GC-0943,51.85,9.7,10.49,18.54,9.42,0.6866,10.32,99.5,139.2,7.7,0.99,87.9,regular,0.358,39.69999999999999
GC-0944,55.27,14.55,7.76,19.02,3.4,0.7425,8.66,96.5,175.4,41.9,0.72,86.1,regular,0.344,78.9
GC-0945,43.37,6.33,12.91,31.53,5.86,0.6962,7.88,84.2,190.0,0.3,0.8,95.0,premium,0.727,105.8
GC-0946,47.32,11.17,8.67,27.31,5.53,0.7416,10.05,112.8,167.5,15.4,0.64,88.3,mid,0.577,54.7
GC-0947,46.83,12.94,13.64,21.66,4.94,0.713,9.89,83.9,179.0,20.9,0.72,88.4,mid,0.463,95.1
GC-0948,40.73,6.86,14.25,35.57,2.59,0.7614,9.49,105.9,167.7,17.6,1.06,91.9,mid,0.873,61.79999999999998
GC-0949,59.35,13.18,9.67,15.8,2.0,0.7709,7.22,101.8,149.2,40.2,0.9,84.0,regular,0.266,47.39999999999999
GC-0950,50.58,13.55,6.1,24.24,5.54,0.747,12.05,107.5,149.5,41.5,0.79,86.6,regular,0.479,42.0
GC-0951,49.23,15.7,9.55,18.09,7.43,0.7099,7.94,96.4,177.1,12.5,0.98,88.3,mid,0.367,80.69999999999999
GC-0952,48.26,18.59,7.62,19.11,6.42,0.7684,8.75,107.0,170.8,0.8,0.7,87.1,regular,0.396,63.80000000000001
GC-0953,55.34,12.17,5.62,18.75,8.13,0.7284,8.98,109.7,166.7,19.1,0.66,87.3,regular,0.339,56.999999999999986
GC-0954,44.22,4.59,13.92,32.37,4.89,0.757,6.13,89.7,162.1,17.3,1.22,94.3,premium,0.732,72.39999999999999
GC-0955,50.79,9.71,12.1,22.17,5.23,0.7618,7.75,110.0,162.2,5.5,1.12,87.5,mid,0.437,52.19999999999999
GC-0956,65.58,11.89,3.35,16.11,3.08,0.7536,9.51,101.6,190.1,1.1,1.15,84.0,regular,0.246,88.5
GC-0957,44.01,3.51,12.12,33.19,7.17,0.741,7.16,90.0,194.2,6.3,0.22,97.3,premium,0.754,104.19999999999999
GC-0958,50.61,13.92,6.65,21.17,7.65,0.7386,7.11,101.8,153.0,5.2,1.14,90.1,mid,0.418,51.2
GC-0959,39.38,7.91,13.22,31.35,8.16,0.7403,7.84,102.0,154.7,11.9,0.41,97.5,premium,0.796,52.69999999999999
GC-0960,46.15,11.8,10.92,24.16,6.98,0.7279,8.98,119.8,163.4,7.8,0.4,89.7,mid,0.524,43.60000000000001
GC-0961,50.15,14.92,5.62,24.25,5.06,0.7491,9.89,95.9,125.0,3.1,1.09,87.2,regular,0.484,29.099999999999994
GC-0962,39.52,7.8,16.85,31.97,3.85,0.7638,9.43,96.4,163.6,10.8,1.35,95.2,premium,0.809,67.19999999999999
GC-0963,57.58,12.59,7.41,18.05,4.37,0.7495,12.14,84.6,186.4,5.3,1.04,85.4,regular,0.313,101.80000000000001
GC-0964,51.12,9.37,12.12,21.33,6.06,0.7295,9.09,109.0,169.8,3.6,0.62,88.6,mid,0.417,60.80000000000001
GC-0965,58.86,7.7,6.6,19.28,7.55,0.7601,9.28,95.3,153.5,12.9,1.42,85.7,regular,0.328,58.2
GC-0966,42.21,4.59,12.44,31.51,9.26,0.7266,7.65,97.6,161.1,14.1,0.74,95.2,premium,0.747,63.5
GC-0967,37.97,9.45,11.15,32.01,9.43,0.7283,7.34,100.9,166.5,24.2,0.55,97.3,premium,0.843,65.6
GC-0968,32.1,9.99,12.56,35.32,10.02,0.7585,10.32,96.5,166.8,18.2,0.24,97.1,premium,1.1,70.30000000000001
GC-0969,34.9,3.27,14.64,38.65,8.54,0.7597,6.6,98.3,145.9,9.4,0.69,99.6,premium,1.107,47.60000000000001
GC-0970,45.18,8.76,12.55,27.17,6.33,0.7233,8.28,105.1,171.3,4.1,0.58,89.3,mid,0.601,66.20000000000002
GC-0971,43.0,4.25,10.52,32.97,9.25,0.77,7.6,101.8,179.8,0.5,0.63,95.2,premium,0.767,78.00000000000001
GC-0972,49.48,7.1,11.4,23.01,9.01,0.7433,10.46,94.6,171.8,23.3,1.03,90.8,mid,0.465,77.20000000000002
GC-0973,36.57,6.37,12.02,37.88,7.16,0.7636,9.1,108.7,182.1,10.3,0.6,96.6,premium,1.036,73.39999999999999
GC-0974,52.14,4.79,7.69,28.69,6.69,0.7419,7.96,112.9,150.7,1.1,1.25,88.9,mid,0.55,37.79999999999998
GC-0975,38.36,5.82,10.16,36.63,9.04,0.7424,5.46,86.7,148.7,20.9,0.55,96.4,premium,0.955,61.999999999999986
GC-0976,40.62,11.93,10.99,24.79,11.67,0.7645,8.92,94.6,152.0,7.3,1.08,92.6,mid,0.61,57.400000000000006
GC-0977,40.87,10.51,10.49,29.55,8.58,0.7493,7.31,109.4,192.2,4.3,0.57,93.9,premium,0.723,82.79999999999998
GC-0978,53.65,13.95,8.45,18.78,5.17,0.7566,11.43,88.0,136.3,6.1,0.68,84.6,regular,0.35,48.30000000000001
GC-0979,52.19,12.42,7.81,23.37,4.21,0.7397,7.41,105.1,135.0,9.0,0.51,85.0,regular,0.448,29.900000000000006
GC-0980,55.99,11.1,7.67,21.23,4.0,0.7687,10.75,109.9,164.6,12.8,0.92,84.6,regular,0.379,54.69999999999999
GC-0981,55.36,9.73,5.24,23.8,5.86,0.7313,6.25,102.6,155.3,12.5,0.8,86.0,regular,0.43,52.70000000000002
GC-0982,41.66,7.97,12.92,29.12,8.34,0.7374,11.39,106.4,151.9,8.8,0.93,95.2,premium,0.699,45.5
GC-0983,50.8,13.51,7.71,21.37,6.62,0.7315,8.94,91.4,159.8,63.3,0.34,86.3,regular,0.421,68.4
GC-0984,52.67,6.38,7.95,26.33,6.67,0.7789,6.02,100.3,168.5,3.4,0.58,87.1,mid,0.5,68.2
GC-0985,52.27,3.7,13.21,26.75,4.08,0.7726,7.61,97.9,152.3,4.0,0.54,89.5,mid,0.512,54.400000000000006
GC-0986,51.98,11.06,7.23,23.32,6.42,0.7281,10.88,102.9,165.0,39.5,0.87,85.3,regular,0.449,62.099999999999994
GC-0987,53.48,11.83,7.16,23.33,4.19,0.7547,8.51,99.3,154.6,0.5,0.47,85.9,regular,0.436,55.3
GC-0988,53.53,11.64,10.17,22.8,1.87,0.7272,6.66,102.8,158.6,22.2,1.41,85.0,regular,0.426,55.8
GC-0989,40.94,6.06,10.95,32.25,9.81,0.7985,7.19,100.9,149.7,23.5,0.32,97.2,premium,0.788,48.79999999999998
GC-0990,55.93,13.34,6.39,17.14,7.2,0.747,11.86,101.1,158.4,27.0,1.15,88.3,mid,0.306,57.30000000000001
GC-0991,51.52,8.18,7.9,25.86,6.55,0.7868,10.03,104.2,158.5,12.7,1.3,86.5,regular,0.502,54.3
GC-0992,43.67,7.7,9.14,32.79,6.7,0.7375,7.41,83.9,164.4,23.6,0.81,94.8,premium,0.751,80.5
GC-0993,38.35,9.15,10.25,32.0,10.25,0.778,9.07,91.5,172.7,31.3,0.36,96.5,premium,0.834,81.19999999999999
GC-0994,40.76,13.13,11.5,24.4,10.2,0.7657,7.68,97.5,154.6,15.3,1.08,95.8,premium,0.599,57.099999999999994
GC-0995,38.44,4.25,12.66,32.88,11.77,0.7526,9.72,93.0,178.7,85.8,0.68,98.0,premium,0.855,85.69999999999999
GC-0996,56.03,11.87,8.06,18.48,5.56,0.7364,9.73,100.8,151.7,1.2,0.57,85.4,regular,0.33,50.89999999999999
GC-0997,43.12,6.13,11.04,30.65,9.06,0.747,10.33,99.3,162.1,13.6,0.53,97.0,premium,0.711,62.8
GC-0998,47.19,7.86,12.61,29.11,3.22,0.7592,9.08,94.0,155.0,24.0,0.19,93.9,premium,0.617,61.0
GC-0999,61.75,10.02,7.64,17.76,2.82,0.7527,8.24,88.9,171.3,7.1,1.79,84.0,regular,0.288,82.4
GC-1000,39.41,9.25,10.36,34.48,6.49,0.7222,9.75,101.6,158.2,3.2,0.5,93.3,premium,0.875,56.599999999999994
